well_id,Actual,Predicted
42-329409360000,134.0,278.0966856966126
42-329425190000,255.0,326.81244154576694
42-173378060000,316.0,369.75393656178386
42-461391300000,196.0,223.08142093223205
42-461403100000,297.0,347.0212408087525
42-461403480000,382.0,385.41015485877097
42-227400680000,291.0,384.25620193638815
42-329415630000,466.0,372.11842074909504
42-317418570000,151.0,350.08311746883345
42-461410840000,319.0,239.3481259618803
42-383389260000,419.0,343.879498421341
42-329427340000,354.0,447.40917578153926
42-383389110000,282.0,184.91795711680345
42-317421210000,452.0,411.9287222222518
42-317417470000,396.0,411.950505109257
42-383405430000,477.0,417.78995993421086
42-329414000000,381.0,371.558284500081
42-227396330000,142.0,204.37082877981973
42-227398520000,361.0,400.8681960049108
42-383379580000,201.0,258.32952632674346
42-329384520000,200.0,261.5714639661666
42-383394980000,264.0,339.8178118409383
42-227399470000,307.0,303.41290553416866
42-173376630000,157.0,315.92813441612225
42-329427900000,185.0,253.11486233137651
42-329404400000,355.0,287.27763690686925
42-317413670000,353.0,411.88738079240954
42-329426410000,389.0,404.46865771076546
42-329430930000,129.0,266.31412372592257
42-329432330000,462.0,458.6372819124365
42-329424620000,456.0,381.7901451256501
42-003477230000,578.0,457.1939488660263
42-329404170000,151.0,279.07168818830854
42-461405350000,466.0,344.11723894095115
42-329402230000,294.0,372.29702507247225
42-461402900000,231.0,186.00497221005028
42-329410160000,241.0,300.7368717311655
42-173372370000,235.0,336.16941112595987
42-329416980000,445.0,452.3342713931104
42-461406340000,285.0,451.2558013728104
42-383395160000,372.0,410.6106669223331
42-317423400000,426.0,468.40783391682766
42-317421020000,413.0,401.8171851891516
42-317413320000,455.0,296.77993848510334
42-317408450000,187.0,418.51575842316004
42-383389080000,158.0,232.62957231415112
42-173362730000,265.0,253.30065383400992
42-317406070000,258.0,250.97391064508471
42-329419960000,492.0,404.1156099465622
42-329425270000,527.0,425.73818368908445
42-227399190000,461.0,402.06784843221385
42-329403200000,316.0,272.1016810720451
42-329401320000,573.0,421.6965377177775
42-383395030000,318.0,270.41983468912395
42-317419940000,588.0,425.34924893890275
42-461405460000,516.0,423.2707144675701
42-461397370000,187.0,248.33437780409312
42-173379400000,226.0,152.19734603398834
42-329432380000,481.0,459.838986945016
42-173377690000,401.0,367.61719616403377
42-329431710000,427.0,442.223230713551
42-227404000000,502.0,399.15331640734223
42-317398230000,390.0,325.4395954190473
42-329421480000,215.0,354.3758832766704
42-227394090000,407.0,274.3908782583602
42-003473430000,592.0,443.62890425808513
42-227402750000,312.0,387.8636194443073
42-329404420000,154.0,282.2145293580861
42-329431770000,364.0,388.4706332162293
42-317413240000,266.0,265.35534063928185
42-329403900000,410.0,417.0191427138832
42-329431520000,310.0,260.1212644391963
42-317411590000,201.0,303.7854228396526
42-383403290000,252.0,363.3838208559626
42-383397700000,487.0,452.31824425060597
42-227399200000,434.0,399.02207750597177
42-317414800000,178.0,395.3698120244447
42-173359670000,300.0,209.18916765233746
42-329410460000,408.0,335.3732618676314
42-173377810000,344.0,267.6679489259432
42-329407420000,344.0,349.6018377092265
42-317406900000,294.0,325.88763202520533
42-173381980000,508.0,403.44451314498605
42-461400790000,293.0,216.84228846475375
42-461409720000,589.0,406.66832567558504
42-317419260000,346.0,349.5858236328508
42-329409570000,482.0,371.1186566582003
42-329427350000,448.0,465.71259338334727
42-329430390000,222.0,268.8472218493941
42-227400000000,347.0,402.82740320243977
42-329425930000,614.0,379.75732418556726
42-329412780000,534.0,459.9530881568194
42-329391860000,220.0,209.21916536498674
42-383398860000,232.0,285.0564833460441
42-329407460000,345.0,367.2063913512144
42-317405050000,400.0,336.9204946507963
42-329428070000,566.0,391.2213947801005
42-173375990000,310.0,303.0901105491012
42-317418270000,300.0,319.2454703731737
42-173375530000,464.0,407.180695400408
42-317405240000,381.0,381.4063851929834
42-383402780000,244.0,420.47815169680996
42-329395340000,215.0,261.0897006758008
42-227398980000,412.0,265.49967715162063
42-227399060000,479.0,338.3947539439079
42-173381820000,375.0,405.8757570954834
42-461402420000,444.0,337.34778385023833
42-227400100000,330.0,207.10443321800807
42-329422080000,463.0,284.318380406356
42-461405370000,265.0,206.02514996096244
42-173379410000,256.0,161.08676385943906
42-003472090000,538.0,440.0751460469767
42-317402900000,308.0,255.18426917016473
42-003472010000,326.0,323.75108762712864
42-173375660000,218.0,341.9859240019833
42-317415450000,414.0,380.7452719024751
42-329400690000,307.0,450.3380481623259
42-227397510000,281.0,280.2053773639813
42-003471950000,476.0,356.8784287669918
42-329403750000,284.0,238.60078330586657
42-317402180000,382.0,270.2332407577656
42-317394610000,245.0,231.50126566623024
42-173381540000,331.0,388.9598874192912
42-461404800000,299.0,284.09823577610956
42-329429100000,384.0,466.7630174226398
42-317406780000,443.0,382.9161879220787
42-317418560000,192.0,353.5554239935099
42-173374090000,436.0,383.5151058881492
42-461393600000,292.0,252.36633945140392
42-317407200000,311.0,303.3162567883936
42-329417450000,374.0,354.16297799782615
42-317412120000,353.0,230.12297486998645
42-329431020000,729.0,494.092623793945
42-317421670000,401.0,435.3827615520638
42-329430610000,353.0,388.53520032244415
42-461391240000,139.0,247.19627959812618
42-317412730000,177.0,363.28119088239805
42-329424260000,308.0,333.99337165315666
42-461386940000,220.0,238.0912077124519
42-461394540000,219.0,330.3817727374886
42-461406910000,502.0,414.0556008741501
42-317404610000,611.0,416.17731787929915
42-329401340000,208.0,458.82206319809137
42-173377190000,363.0,310.2805348213313
42-317416040000,320.0,340.02600237144947
42-317415440000,401.0,430.46211595421755
42-227389610000,393.0,377.2169509548056
42-227388360000,293.0,305.45361708696174
42-329406830000,321.0,355.18131496759224
42-329437230000,373.0,402.24247807448455
42-317422530000,451.0,454.9444938345115
42-329421450000,268.0,316.48704093048934
42-227391290000,227.0,249.0495159426896
42-003472950000,426.0,418.6687325109132
42-317409330000,259.0,251.49486554577814
42-461404710000,301.0,231.83929493571972
42-329401840000,209.0,246.5948793424114
42-227394080000,320.0,388.3677381051481
42-227388600000,158.0,244.42555769832467
42-461397010000,395.0,363.82871853392976
42-329416310000,563.0,371.2138826167107
42-329401330000,302.0,401.9922850008499
42-329397300000,257.0,284.8112371329997
42-461401580000,393.0,335.6099604776735
42-461401680000,498.0,440.5027461541174
42-383391000000,192.0,205.13834062494522
42-461407930000,374.0,426.1591236171712
42-329404530000,267.0,389.10721488125245
42-173381270000,323.0,278.4618870677747
42-317416160000,271.0,252.9035336186589
42-329407900000,280.0,320.7564950809837
42-317390380000,239.0,307.72297987008466
42-461409000000,265.0,388.7382373389929
42-329402720000,286.0,304.80913054288123
42-329422860000,382.0,357.0927658519694
42-329419630000,448.0,380.5198852502864
42-461406950000,370.0,390.17510831070985
42-461398100000,120.0,309.8080009783373
42-329422220000,457.0,311.1004462721196
42-329392420000,341.0,271.5098919784712
42-329418420000,289.0,388.95131618841145
42-383406430000,296.0,351.97425783170223
42-317407390000,182.0,329.5038578032263
42-329414480000,219.0,270.12041081081594
42-383403070000,258.0,353.933801946651
42-329417740000,224.0,230.60426066413507
42-383404250000,254.0,430.029097287635
42-383399170000,162.0,282.8912642063046
42-317390540000,242.0,188.97288033569447
42-317413470000,318.0,369.26347734455356
42-317417270000,249.0,350.811318355595
42-383389050000,107.0,191.8994915552997
42-329407220000,460.0,359.85434879595044
42-317418990000,341.0,435.5045479595299
42-227400200000,431.0,368.08367010401764
42-227389620000,442.0,321.96135186841514
42-329417380000,206.0,324.67826114111244
42-329396290000,213.0,416.0043770293715
42-317419620000,185.0,341.14335968010016
42-227398200000,566.0,392.4202622886237
42-227397230000,540.0,371.38994742315356
42-317407480000,180.0,278.5293907207521
42-227391590000,259.0,275.24751497790203
42-317406740000,475.0,401.06532896482975
42-003463630000,378.0,339.5220645693259
42-329419620000,333.0,360.3265906408518
42-317414870000,278.0,422.21764462439137
42-317405700000,252.0,232.31266952944364
42-329410780000,221.0,312.2070561241687
42-329404650000,280.0,284.2864381641692
42-461400140000,349.0,368.2645121662402
42-383393540000,171.0,228.7780713899404
42-173380800000,197.0,315.50860501207785
42-317417250000,256.0,338.8607424430796
42-317425810000,481.0,297.0327231279153
42-329406320000,363.0,344.09720040995677
42-329412910000,367.0,400.41477581966694
42-173381190000,440.0,344.3046541466964
42-329393610000,325.0,332.83970449982456
42-317416220000,279.0,321.2982713383317
42-317412550000,312.0,417.80521007832914
42-227392440000,367.0,207.6549410338635
42-329426670000,230.0,265.03053196155525
42-329409370000,284.0,346.317589774509
42-329415970000,347.0,264.1403878493667
42-317416740000,451.0,369.22453940804945
42-003470620000,347.0,293.58334590904303
42-173378660000,339.0,335.006571556416
42-317412420000,456.0,379.44949974623637
42-383396000000,342.0,399.6949419319354
42-329396930000,234.0,271.01564480106526
42-317416730000,269.0,317.37927344231576
42-461403400000,243.0,421.55840090528517
42-329422390000,284.0,318.6409331961317
42-329432970000,374.0,395.15097928134367
42-329421010000,576.0,427.8391510625704
42-227399460000,161.0,288.70755474728924
42-461399610000,253.0,220.90774382922626
42-227394630000,426.0,380.26681726748006
42-329402600000,194.0,273.5043879722234
42-329420990000,438.0,401.4419029498181
42-383399280000,350.0,398.1608863913718
42-317404330000,514.0,455.26169549304046
42-329424420000,353.0,298.39198064790816
42-329416940000,413.0,406.9306566904354
42-461399010000,194.0,279.92498609388105
42-227395390000,275.0,380.8928946467818
42-317415900000,400.0,339.5614507013933
42-173364290000,160.0,196.46610120662817
42-317409380000,227.0,233.67169384907146
42-329405990000,251.0,227.55629714025875
42-173373130000,502.0,364.1365899669418
42-329422870000,384.0,357.2066148004364
42-227400630000,654.0,429.47464615681963
42-383384770000,382.0,228.6930527521316
42-227391730000,199.0,340.07053111914655
42-329403980000,449.0,390.35163109089694
42-461391570000,415.0,325.7587524539967
42-329423670000,288.0,406.81729621855396
42-003473530000,494.0,464.78604741413864
42-329402690000,247.0,322.02313077904324
42-317418840000,249.0,255.27998265572236
42-227399770000,204.0,296.064426287878
42-227395960000,475.0,378.1988815491357
42-329401810000,209.0,249.92086325173634
42-461407100000,272.0,431.20469392842506
42-317409620000,113.0,228.9500206655832
42-317411350000,302.0,290.6407918351137
42-317412180000,564.0,436.5872124896969
42-317412170000,576.0,437.76626971428607
42-383398020000,273.0,310.18938325377525
42-317407940000,266.0,380.56228444093216
42-383403760000,320.0,383.6658057569317
42-227385420000,227.0,273.94213834257295
42-329409540000,331.0,420.2460803922039
42-329422520000,211.0,292.1564731536728
42-329416140000,382.0,312.69295699585695
42-461412550000,322.0,382.96796477162815
42-329405810000,346.0,284.4118012224803
42-461403150000,557.0,484.43576047054756
42-383377550000,156.0,224.61341999901467
42-173375350000,186.0,255.66641913124158
42-317416640000,383.0,369.3868440242742
42-329414130000,369.0,330.05857703419616
42-461402430000,428.0,405.5456494172176
42-461409040000,173.0,227.82027157253322
42-227402870000,483.0,419.73105497825014
42-329404130000,137.0,277.3516093567098
42-461409170000,302.0,368.7819791709518
42-329412760000,527.0,443.51151240733725
42-317410100000,313.0,355.82848676623126
42-317412480000,341.0,329.4715279078616
42-461388840000,190.0,343.8823521515892
42-317390570000,386.0,252.73520663651817
42-317404360000,402.0,436.2462403648487
42-329432720000,274.0,285.59320183125726
42-317413290000,540.0,438.0174520879537
42-227384750000,380.0,226.67039904443368
42-227393750000,245.0,198.1687862653892
42-003470670000,253.0,216.71569804333427
42-383398320000,237.0,282.0420888692795
42-383399980000,197.0,364.1992913066342
42-317420230000,456.0,401.9627550851867
42-329425890000,314.0,383.3837790279489
42-383398730000,205.0,283.1063709090727
42-329402460000,514.0,399.3798951484471
42-173367020000,173.0,193.21177419107485
42-173377380000,346.0,384.68030074561386
42-461406600000,610.0,482.4996363403438
42-003469560000,513.0,458.0656278899493
42-329400520000,409.0,391.3324883040735
42-329431400000,399.0,431.7904388467228
42-227398390000,338.0,285.131888185962
42-317407010000,190.0,210.2856704887306
42-329401380000,233.0,201.57925545704387
42-461410270000,349.0,300.7725160554548
42-329393450000,243.0,230.56649160487802
42-329416870000,320.0,321.7024271289236
42-461412220000,349.0,312.63113858595773
42-461391640000,105.0,228.52301839841112
42-317409600000,158.0,313.5853200426768
42-173372860000,371.0,353.7450284737044
42-461405000000,390.0,420.3694388500174
42-317388420000,168.0,266.09907678850044
42-317415930000,188.0,365.9323964236519
42-317403260000,331.0,377.30830929314976
42-461405820000,300.0,439.5963908161556
42-329430870000,311.0,281.64337854926356
42-317408110000,383.0,349.5236561746701
42-317417050000,326.0,322.4768983473062
42-227401790000,427.0,279.67785359767464
42-227398800000,306.0,255.12162064259533
42-383393260000,115.0,231.67142417275085
42-383394080000,604.0,442.12955302730313
42-173379910000,199.0,370.8577213308654
42-383404070000,150.0,315.7375149964468
42-227397130000,192.0,364.48775708992764
42-173375200000,352.0,325.33734147851095
42-461406630000,276.0,371.9977857585514
42-329419320000,308.0,315.7194281584943
42-317415720000,232.0,415.4915816122297
42-461411780000,381.0,415.70601107815475
42-317421930000,232.0,344.7206474816723
42-329411750000,167.0,405.9937748174812
42-329432470000,282.0,319.1069707674832
42-317406840000,249.0,296.71622579182144
42-329432040000,298.0,469.58039636303073
42-329433460000,377.0,364.70723891497363
42-329391630000,173.0,217.2982794338453
42-003474620000,535.0,346.59652091125696
42-329415710000,441.0,377.84485565416827
42-317403590000,271.0,295.46792112795316
42-329410900000,421.0,425.9509434121885
42-329429190000,264.0,298.13721492771236
42-317421940000,358.0,323.48498050078143
42-461403420000,262.0,305.9559030106004
42-227399880000,150.0,300.93291588934784
42-317418550000,146.0,322.6680123958155
42-317416120000,222.0,438.4779230848855
42-329431300000,351.0,331.0681729551332
42-461407190000,330.0,428.1765539986592
42-227397550000,215.0,231.6172246030626
42-173374130000,265.0,370.0884241363302
42-461380740000,243.0,235.0725780161405
42-173378420000,140.0,240.22961900369427
42-173374120000,268.0,330.6136657689665
42-329395090000,501.0,424.2905333594441
42-383408320000,520.0,461.2981923449989
42-317416690000,180.0,340.48885869955404
42-383406520000,595.0,432.0437296679184
42-317414290000,287.0,343.6174782869953
42-317417670000,367.0,340.0892405937041
42-317407340000,364.0,334.45613804502057
42-461406150000,183.0,240.74744237925006
42-329406790000,394.0,344.9957376723522
42-383393550000,172.0,229.48965123395595
42-329419030000,457.0,376.20426807402856
42-173377440100,297.0,384.68030074561386
42-173376050000,310.0,377.9953619107562
42-329406220000,570.0,416.64722631837935
42-329424280000,290.0,391.33917635467867
42-329425870000,284.0,467.47166850604015
42-383405990000,332.0,397.3927788779062
42-329417080000,421.0,373.2151488435971
42-329428870000,282.0,352.0515554523908
42-383385380000,179.0,181.47558317077647
42-329421850000,304.0,294.882314012767
42-329413940000,325.0,290.85727123564607
42-383383320000,191.0,279.95505124658956
42-383395070000,345.0,271.2375228476017
42-317416400000,555.0,465.8782130290631
42-329411450000,327.0,396.61132301418456
42-329404580000,345.0,379.34616540382837
42-227400860000,519.0,364.4027899992239
42-317393190000,344.0,250.04502098320805
42-317422430000,303.0,390.70157816288736
42-317406100000,287.0,254.645773803508
42-227392430000,219.0,214.3465605351236
42-173368460000,104.0,173.73837187105227
42-329387360000,241.0,221.62988107551527
42-329404350000,233.0,292.27466991435324
42-173363290000,336.0,225.53271370557454
42-329402150000,301.0,230.62915875076087
42-383398160000,268.0,298.15580931312525
42-383399100000,426.0,339.0954212763127
42-317420790000,357.0,316.1493728135787
42-461413780000,308.0,424.3603173275844
42-329429830000,557.0,404.91311729771127
42-329429010000,412.0,417.9296521277558
42-227392390000,215.0,402.8408066173877
42-317418900000,195.0,194.40269992698978
42-227398090000,161.0,310.3489855557
42-227403320000,317.0,398.0031425915252
42-317420260000,498.0,396.9804010163343
42-383405830000,374.0,384.94401044051733
42-329432800000,323.0,450.18869012431725
42-329393190000,199.0,232.3285825074513
42-003479960000,440.0,477.65701206204017
42-173374210000,165.0,365.0094984603115
42-329426340000,457.0,336.86002905890916
42-329405170000,425.0,360.0228286893923
42-329427850000,222.0,258.31266849963987
42-383383710000,247.0,229.42131621456272
42-173369450000,155.0,224.39152253797417
42-317398250000,343.0,288.69013201862253
42-227387180000,256.0,245.43193244319667
42-329417250000,362.0,351.8215715531891
42-329390970000,388.0,391.21733446950066
42-227398900000,315.0,196.25216765353173
42-317403660000,474.0,361.71209919922296
42-461396760000,131.0,167.31149862046658
42-329429260000,275.0,320.6999829601456
42-317405330000,441.0,408.66841341591146
42-227391070000,496.0,380.6726837736767
42-329420150000,249.0,357.57140727581515
42-329408420000,244.0,314.6015892353755
42-317416130000,465.0,327.25066726794796
42-329394140000,128.0,196.91700416065905
42-173376270000,186.0,323.2979020953386
42-461405930000,480.0,394.3010416485474
42-173373580000,563.0,378.4199976375347
42-329421820000,170.0,266.8430456217748
42-317404990000,563.0,399.56575318051546
42-317405470000,199.0,244.57765628234958
42-461401660000,411.0,421.65903753315905
42-329429240000,324.0,429.7931121152708
42-329413730000,514.0,393.442044361844
42-329423940000,500.0,423.42241500530906
42-329434510000,270.0,319.7241063108691
42-317389280000,235.0,222.22092331956586
42-227389910000,168.0,286.68948439061944
42-461398700000,242.0,169.46223674237413
42-227390760000,228.0,290.0343730363307
42-329395020000,342.0,308.39573817028315
42-317401690000,108.0,251.85313697278724
42-383388730000,218.0,235.6474864926131
42-461408040000,301.0,300.5701914503193
42-227401740000,118.0,214.22099251078316
42-227403180000,248.0,230.32388090444076
42-317404370000,484.0,433.71545076215887
42-317403200000,318.0,339.42598976517274
42-329429230000,415.0,433.80494814700717
42-317409480000,372.0,326.65028871400165
42-383403800000,378.0,418.57627730671913
42-227397240000,484.0,372.01491854394004
42-383397110000,382.0,394.7534556765305
42-383385040000,108.0,214.7297775943643
42-317423970000,150.0,347.0292859762468
42-329430550000,330.0,355.9520474962273
42-317419090000,432.0,458.55719163419997
42-317409360000,239.0,280.28419941986635
42-329408210000,358.0,389.3343674736236
42-227390390000,145.0,278.4308276337445
42-173381300000,233.0,400.5442370970094
42-317416800000,485.0,344.9166543968948
42-461402600000,535.0,426.4291960881609
42-227392700000,192.0,403.6431361779013
42-461405060000,409.0,392.56371084651033
42-317426110000,231.0,284.822394476932
42-383403500000,151.0,297.3667134574067
42-317415830000,164.0,246.825911136337
42-329415790000,305.0,372.402673315618
42-227403080000,418.0,397.70951675435674
42-461410880000,392.0,381.7496932015058
42-329409210000,301.0,340.90197251198407
42-317405380000,548.0,353.5886120069268
42-227391750000,605.0,419.071632709074
42-329408230000,389.0,413.98091905194144
42-227397320000,148.0,241.57168104142113
42-461389110000,286.0,353.3874148488394
42-329403500000,249.0,208.26883363436272
42-227391020000,509.0,398.52487366756225
42-317413510000,471.0,416.11842510054066
42-227399520000,142.0,262.9928751851567
42-383396590000,272.0,311.753153325117
42-329389960000,220.0,194.93085437034534
42-173375730000,333.0,329.54907493630407
42-173367070000,383.0,291.1460581660279
42-173380880000,406.0,294.1918177118312
42-461410240000,314.0,437.63901968009986
42-383382420000,179.0,237.56406907266987
42-383388300000,263.0,203.08858413739316
42-329402570000,185.0,262.3041529279852
42-383395890000,246.0,259.76375042825214
42-227402550000,277.0,238.48736072025466
42-003469570000,438.0,458.5886852596324
42-173381910000,415.0,384.4133596984671
42-329390000000,311.0,267.14659507119364
42-329414500000,122.0,354.7662009599404
42-317421960000,243.0,299.0633034877618
42-329404100000,184.0,330.9645867015598
42-317415180000,211.0,455.83036813391897
42-461412720000,396.0,418.26023144314837
42-173380220000,288.0,360.4958595539825
42-329409870000,576.0,430.7079168953035
42-317410620000,374.0,261.4498530616907
42-317414690000,503.0,401.2437454763169
42-173376370000,225.0,364.60467141019063
42-317422070000,192.0,402.72981915412726
42-227387380000,249.0,177.8437030760789
42-461406300000,330.0,413.8730119547082
42-003470440000,223.0,296.61424337757734
42-329424570000,216.0,263.92663287901377
42-227400270000,392.0,391.8882248656661
42-461402520000,258.0,321.48044598425207
42-329403680000,167.0,261.72313026689744
42-461391800000,108.0,232.3392983981929
42-461404290000,575.0,476.02557272451793
42-329425990000,417.0,462.85105116064216
42-317410480000,145.0,251.16179882412618
42-329399120000,166.0,227.17889961748637
42-317404710000,283.0,426.3075314264824
42-329400480000,527.0,458.5973192789054
42-329432350000,550.0,440.98609582865197
42-173381180000,471.0,391.8021295878742
42-227397890000,338.0,274.1312765703277
42-461403710000,402.0,389.8654492848772
42-329407450000,436.0,389.68387400577797
42-383388700000,251.0,233.9083458471452
42-461392220000,333.0,281.3255927430418
42-329433330000,143.0,383.85795775200154
42-173381330000,337.0,401.86840959656604
42-461407420000,218.0,244.6190411290691
42-461404270000,422.0,404.89802951664893
42-461386600000,149.0,224.16618667871313
42-461408120000,265.0,369.22806840013135
42-227397110000,341.0,258.4706859639756
42-329416990000,341.0,428.97693725114055
42-317413970000,224.0,314.8815071605117
42-329418780000,318.0,372.8132485495968
42-329408600000,337.0,424.2700152636736
42-383399970000,541.0,336.5751631048106
42-173374340000,426.0,359.95628065045474
42-227400190000,274.0,325.9059721529132
42-173377070000,235.0,326.4568766915151
42-317406660000,254.0,436.4048460442259
42-461406200000,394.0,300.4804597432998
42-329430880000,163.0,252.99424601060187
42-227398970000,312.0,281.99592440642823
42-329415500000,266.0,304.97078396891806
42-227397520000,294.0,256.7523577432906
42-227390560000,437.0,415.26175398936084
42-173376750000,215.0,310.6678037239448
42-317412560000,592.0,438.0174520879537
42-173380250000,337.0,377.8795667717564
42-329427250000,454.0,404.2204205962018
42-317414400000,414.0,354.61620817085407
42-461404050000,407.0,338.913892351067
42-227387400000,215.0,370.91253378717875
42-461387260000,309.0,245.08703710681007
42-329391690000,318.0,232.9760695539659
42-329418550000,335.0,251.5829637924575
42-317412390000,279.0,315.03360634651557
42-329416440000,463.0,401.75783984457104
42-003470460000,188.0,243.9541716727045
42-227395990000,597.0,391.52219957717296
42-173380790000,269.0,348.62454201516255
42-317403060000,224.0,314.0932725254392
42-461401460000,494.0,375.16644476595326
42-461406350000,417.0,475.46014517733573
42-227394560000,452.0,423.8992821114935
42-383383800000,235.0,258.38862978666356
42-383396470000,370.0,314.92482535773104
42-461406430000,129.0,307.10933012216276
42-329416380000,243.0,282.27824090290915
42-317406500000,131.0,264.07749810929135
42-329391730000,327.0,282.90254591745406
42-383386300000,385.0,250.6466746665
42-227389360000,559.0,340.456633981226
42-461397680000,347.0,406.61408450215356
42-329399390000,311.0,245.37034463470815
42-329389690000,545.0,359.2513245987969
42-329428110000,438.0,360.209604399587
42-329430650000,420.0,305.4270273776806
42-329397280000,195.0,251.74900056489997
42-173377490000,639.0,439.8950962020934
42-329413740000,353.0,350.06734822835153
42-173375830000,183.0,212.1755453546646
42-317418820000,129.0,171.27084557534874
42-003456380000,241.0,259.0709379247748
42-329404550000,436.0,387.96466063305866
42-227389070000,533.0,299.1489999860583
42-003474680000,312.0,459.7531477480648
42-317408640000,414.0,307.28605954090864
42-173381960000,443.0,381.82801754255814
42-317412900000,359.0,305.85495405207394
42-317409210000,396.0,325.55079091051743
42-461388780000,156.0,207.3963180791275
42-461409510000,551.0,462.7272341264283
42-329387770000,343.0,216.13191020417867
42-461404070000,312.0,420.2728119988315
42-317402890000,257.0,247.85266692734768
42-461409500000,324.0,461.18826356731216
42-227398070000,429.0,367.36514339872025
42-329413050000,323.0,461.0023700639368
42-329414140000,338.0,300.64069821480075
42-329431270000,408.0,343.24407504357373
42-317405090000,247.0,298.82933057979363
42-317412540000,598.0,442.9039649196605
42-317412380000,288.0,312.0220375721651
42-227395140000,461.0,325.84780945802413
42-383381270000,127.0,209.6158667006443
42-227395350000,375.0,272.66254813223804
42-227397570000,205.0,300.093608830544
42-317407550000,610.0,428.8194579497058
42-461409800000,565.0,413.4256429701857
42-461396150000,229.0,273.79486216928194
42-329407610000,508.0,444.9694091635703
42-329428590000,482.0,452.77608874306316
42-329431890000,369.0,367.20141568644357
42-227393070000,480.0,370.2077453658707
42-317410800000,281.0,326.5776153707347
42-461400570000,172.0,233.54617099802596
42-329402310000,377.0,368.3993086950388
42-329393180000,207.0,232.3285825074513
42-329427820000,316.0,267.431508670528
42-317405070000,268.0,325.60244079254903
42-317417280000,280.0,339.57039759164405
42-317408250000,143.0,313.2158098319186
42-383405050000,349.0,328.1535316880726
42-329414450000,108.0,220.41577500749676
42-317425850000,173.0,310.60619926023867
42-329432250000,566.0,405.0463642801545
42-227403200000,270.0,223.45470627983022
42-227397860000,268.0,277.48947030847927
42-329426320000,378.0,331.58222227136207
42-227396080000,348.0,282.0943639634769
42-461390070000,178.0,217.2102236833964
42-329402650000,106.0,196.25060893607068
42-329415950000,272.0,314.05066090391074
42-383377980000,223.0,297.9038946707558
42-317419200000,329.0,310.2649872639767
42-329390520000,196.0,347.8740052688341
42-461412880000,553.0,422.5567298496095
42-461406650000,239.0,321.5555833382904
42-461399330000,324.0,311.7432986679178
42-461402560000,560.0,404.56599588348917
42-317420210000,373.0,336.9531343145724
42-329396370000,213.0,211.74169447011755
42-317411070000,258.0,253.19624927609937
42-461408340000,566.0,417.01427837834575
42-329423780000,408.0,412.92899672777173
42-227396230000,352.0,412.6835861237392
42-173379450000,397.0,360.3723227774246
42-383375630000,167.0,222.31414499597798
42-461404600000,346.0,312.09881290424613
42-383396490000,394.0,301.61387407765244
42-317422200000,597.0,439.0425036153066
42-461406330000,410.0,414.8287925674708
42-317411850000,232.0,235.54235397406717
42-461401740000,310.0,289.9180175516648
42-227396540000,393.0,349.8166704694784
42-173376790000,392.0,347.2962809241181
42-461394730000,277.0,332.554876665885
42-317406880000,179.0,233.02969388460494
42-461400590000,462.0,473.8500346006103
42-461402630000,569.0,437.6108972030754
42-329409520000,300.0,373.46978878300376
42-227402890000,466.0,420.3067144544768
42-317401680000,122.0,212.34622450191722
42-329425150000,375.0,364.8789664472766
42-173381580000,520.0,439.0057299865969
42-317405000000,358.0,397.0585774855557
42-461402020000,484.0,349.4389275758048
42-317402760000,273.0,340.130233719231
42-173377240000,366.0,331.5968354294691
42-329426870000,557.0,409.54293344401265
42-227395040000,292.0,407.6501594826437
42-317409510000,247.0,259.6295587615478
42-317404200000,242.0,271.42163796054325
42-329410060000,413.0,449.5210161230774
42-317412080000,368.0,205.06017627563622
42-317403930000,304.0,245.87203232868933
42-461407110000,555.0,414.44847689514
42-317418180000,468.0,372.619550794003
42-317412520000,265.0,285.43807234730565
42-317406340000,343.0,368.5040000866252
42-329405500000,300.0,223.78362667271423
42-461411550000,269.0,455.9318781866724
42-003458950000,252.0,246.3755271512432
42-227390740000,275.0,260.7175475033973
42-329396320000,188.0,405.12841743996256
42-329403740000,189.0,240.75147583938806
42-329403540000,160.0,260.2550114048253
42-329419810000,175.0,257.7484649606904
42-329402490000,567.0,431.02254350251724
42-329425070000,241.0,246.30521319513858
42-461393310000,288.0,229.45361964972764
42-329420300000,273.0,406.80297861929853
42-317421550000,413.0,374.5095744651342
42-317416070000,262.0,310.50523777051706
42-383381370000,200.0,214.11895701473816
42-317408870000,304.0,470.8467733810047
42-173378020000,231.0,328.86299674463527
42-383386110000,119.0,263.732291295616
42-317404840000,381.0,404.17889793191944
42-317416090000,272.0,357.2759159002826
42-317397090000,406.0,305.2028864111217
42-329428440000,230.0,307.24971790003514
42-227398710000,222.0,267.40803226204355
42-329409600000,401.0,346.7038821503958
42-329425620000,223.0,453.846674839782
42-329417180000,208.0,392.745696873398
42-329421570000,587.0,494.8763882731886
42-461405830000,260.0,405.1284584474352
42-461409460000,482.0,471.75106872354644
42-317415300000,290.0,305.7466192844873
42-317416500000,481.0,382.601990977286
42-317421530000,359.0,305.162413019909
42-329421720000,337.0,397.24186366988033
42-329395700000,268.0,422.0271235821481
42-227401830000,559.0,377.30391635963747
42-383397350000,489.0,369.9221902804862
42-317404440000,389.0,467.8756897340026
42-173380630000,113.0,193.8327002943337
42-173380130000,456.0,424.4438549007039
42-317419270000,288.0,399.9679727986185
42-383405720000,289.0,337.2881809237054
42-329430620000,215.0,254.34385584331935
42-003475690000,485.0,403.66943272916114
42-329417160000,420.0,402.11944627572433
42-383387770000,148.0,241.28704139775417
42-227396570000,181.0,286.4479308345502
42-227400370000,297.0,393.00847035355497
42-329414660000,193.0,387.97120545805546
42-461404150000,262.0,298.51152113316897
42-317412610000,489.0,399.6377939424067
42-329421680000,324.0,382.50587394869103
42-461405920000,331.0,432.462694543348
42-173371660000,284.0,401.4089129048963
42-329393720000,267.0,368.5263224119148
42-173380050000,555.0,449.21577017562646
42-329419600000,381.0,431.3164847119651
42-329393750000,285.0,214.2990031410203
42-317396550000,187.0,336.1647577437591
42-329407090000,222.0,375.4201231218577
42-317412350000,443.0,356.17196624741285
42-461400880000,279.0,267.967930962582
42-173361710000,263.0,205.74087886009474
42-317418660000,348.0,298.5894611926903
42-329413500000,439.0,461.0628540106942
42-329389990000,177.0,236.50663329660873
42-317395740000,471.0,388.1088017752208
42-003473540000,495.0,473.9358778030216
42-317416430000,448.0,499.99099093414304
42-329395360000,263.0,305.79496418442244
42-317403730000,302.0,265.90197358476166
42-173375160000,289.0,319.9175726310219
42-383398010000,381.0,355.12533609095715
42-317420960000,381.0,449.6005568149968
42-317409820000,326.0,235.10921245693908
42-383403010000,323.0,251.49324053640998
42-329429580000,241.0,262.7739847561575
42-329414410000,305.0,352.421526594415
42-317401510000,191.0,217.9204326935128
42-173371910000,355.0,369.4051730003527
42-329429910000,508.0,411.3621990127323
42-461404450000,518.0,442.4943113717626
42-329386930000,294.0,266.8154901674499
42-227401340000,299.0,249.98322857665383
42-317407160000,180.0,208.43760479637808
42-227398840000,333.0,251.00164916332426
42-317412260000,309.0,298.1520420192004
42-317417920000,416.0,313.4142124534303
42-003477170000,565.0,424.9679456662839
42-329407590000,188.0,228.73821151595516
42-317401270000,104.0,202.96139720947522
42-329387890000,212.0,186.55157782715924
42-461383350000,257.0,244.41807690825567
42-317403670000,379.0,261.64987930112284
42-227402460000,389.0,357.74278908954375
42-383381380000,137.0,221.51857405287572
42-317412410000,387.0,308.39245081402834
42-317404280000,314.0,339.50221485955956
42-329430860000,211.0,279.07991835174334
42-317400850000,189.0,273.3500662884424
42-461406490000,398.0,320.4032753378649
42-329401820000,186.0,224.06237155763515
42-317404170000,329.0,275.7165553180553
42-227392640000,363.0,397.74092208908394
42-227400040000,406.0,272.2013875949888
42-329408120000,258.0,329.18414373285543
42-329403760000,358.0,268.86465638074924
42-329394860000,282.0,406.42503068860736
42-227386990000,249.0,224.34298765132556
42-227387710000,362.0,247.50472831090727
42-329415240000,311.0,274.95151408066783
42-173363770000,172.0,222.75775768434292
42-461398120000,331.0,352.2663067333596
42-383397680000,259.0,342.6301447867483
42-329419090000,171.0,365.29951436974875
42-329426130000,293.0,311.9064028106615
42-173380690000,158.0,192.81734662268377
42-173376160000,234.0,351.6791365660249
42-227387870000,338.0,196.3650110992307
42-329403350000,388.0,436.51963222283297
42-329411180000,351.0,327.35678853053156
42-329394210000,174.0,283.1585653248164
42-003481370000,409.0,438.94670685567587
42-461401710000,615.0,457.33111601913316
42-227395380000,275.0,383.75006206117666
42-173375480000,482.0,391.5680937142821
42-329398710000,500.0,328.9388652279705
42-227400250000,445.0,431.88821686169234
42-317400270000,236.0,227.04962029012304
42-317414900000,199.0,358.9547542978078
42-329403550000,169.0,271.398972945852
42-173379050000,214.0,317.30931736796333
42-317421060000,436.0,390.8032913446012
42-227389370000,445.0,346.451395998744
42-173373900000,269.0,417.1128776825609
42-461412770000,474.0,482.591211560622
42-461404520000,180.0,283.2772720129144
42-003470800000,567.0,455.65248910785726
42-383381510000,235.0,254.4494032678129
42-461391670000,138.0,192.92273033762433
42-329409730000,264.0,371.1600584693994
42-329410440000,243.0,219.65894264070033
42-383407040000,229.0,390.88593142831166
42-329400190000,235.0,279.74052793456167
42-173377410000,492.0,384.68030074561386
42-317417660000,369.0,407.26429595803125
42-329403370000,231.0,259.6609083729633
42-329418830000,316.0,317.63456617425174
42-461399750000,367.0,374.50894464401614
42-383403270000,103.0,178.59974798024004
42-227397270000,218.0,297.48700217845396
42-383399300000,174.0,291.4852379878862
42-317416080000,360.0,354.59424404595484
42-227382350000,315.0,196.09781103786636
42-329423680000,341.0,465.54180088221995
42-317406360000,493.0,459.11658131721146
42-383394250000,275.0,272.16760432982636
42-173380190000,251.0,388.9277127249845
42-461412810000,624.0,436.3443671599876
42-329421760000,222.0,212.01684533757611
42-461403760000,169.0,288.5313279024799
42-383402930000,451.0,447.8706872590388
42-461394080000,156.0,222.71691536821663
42-383380950000,457.0,274.82541942476416
42-329420340000,320.0,433.19431047130405
42-227394310000,208.0,383.290468321391
42-317405190000,217.0,294.8930747569985
42-317421740000,521.0,468.1780147806529
42-461403720000,391.0,398.697917636073
42-173380750000,103.0,196.24746960479496
42-383391060000,299.0,354.4411859413902
42-329403860000,368.0,366.6772999542185
42-383397310000,444.0,398.2395948070096
42-317417640000,443.0,397.866006855283
42-227400290000,637.0,432.35256805144223
42-317411050000,349.0,223.22461383200383
42-317415910000,314.0,320.7747440188171
42-329429510000,402.0,331.90426729880977
42-003477260000,559.0,413.36160112479575
42-329404630000,255.0,298.8953512995179
42-329426520000,313.0,252.7210733323921
42-329416660000,179.0,287.83393291179004
42-461411960000,494.0,371.7716206021913
42-317408550000,471.0,300.113830921965
42-173374610000,164.0,285.87063795660293
42-329431750000,351.0,408.6763176776222
42-329416320000,545.0,443.88074942922793
42-317405170000,267.0,313.57088089671186
42-329430680000,116.0,311.3320899061373
42-461387800000,192.0,235.53483241867607
42-383403890000,340.0,398.38013260056965
42-329403260000,234.0,302.48906593975295
42-317421820000,441.0,382.1792447350347
42-317407450000,202.0,286.31525939251463
42-461413360000,409.0,433.25780177188386
42-461406050000,466.0,421.5605694379314
42-317412160000,493.0,463.711864697544
42-317406850000,349.0,280.5896075373613
42-329406190000,344.0,336.07568401201206
42-227390360000,262.0,342.8075883732769
42-317407990000,482.0,353.7877687278217
42-317420780000,290.0,334.4576253169948
42-329414530000,159.0,289.7337221359057
42-461405340000,264.0,300.82023541472483
42-317416280000,158.0,412.2686666429065
42-317401660000,254.0,215.34992733959993
42-317421010000,198.0,363.4786477012529
42-461404300000,503.0,385.55980859550795
42-173373380000,446.0,409.3379223212445
42-317416240000,227.0,326.7582168250283
42-383388190000,189.0,219.7765783572031
42-317408140000,355.0,349.7482730605288
42-329427800000,392.0,257.06306248383544
42-383403750000,243.0,382.67169621602363
42-329429890000,523.0,368.45236344677204
42-317418980000,291.0,451.3552632121575
42-329405950000,150.0,232.46576395540734
42-329415470000,287.0,302.307237392451
42-329425060000,398.0,424.7300060171539
42-227397930000,238.0,253.1061111177514
42-461399590000,217.0,219.45712338051803
42-383398790000,201.0,334.6616101162578
42-173373760000,349.0,334.7743186149974
42-329405700000,396.0,417.58599928962155
42-227390040000,348.0,340.39416801433566
42-461398090000,299.0,413.4885015367645
42-317390530000,232.0,188.97288033569447
42-329397580000,297.0,237.27386277306437
42-317416030000,312.0,314.4370543642689
42-329408560000,456.0,395.8248831603309
42-383401540000,348.0,445.4507482729484
42-317418440000,224.0,489.64986937479506
42-329422580000,504.0,457.7564673209156
42-227399500000,260.0,278.93880379413497
42-329425460000,527.0,452.957010397331
42-329415960000,203.0,261.53055894470606
42-317417900000,314.0,374.8097992718389
42-329395640000,370.0,344.54545459151825
42-461403730000,322.0,375.86331696540174
42-461411870000,447.0,328.6958050175839
42-329402320000,198.0,302.76461590086205
42-173380040000,481.0,415.33988375189654
42-317412800000,586.0,409.20755658467067
42-329406060000,442.0,386.4877117160622
42-329424560000,208.0,248.09447129724134
42-329404590000,268.0,380.5981872762536
42-329393670000,317.0,303.64399075919187
42-003480120000,391.0,437.4865439085294
42-227381360000,484.0,353.0312528703401
42-173380820000,298.0,356.1420239319746
42-227398810000,233.0,261.5586181427524
42-329405850000,222.0,345.02550422836
42-317416340000,361.0,381.8448802702099
42-317406530000,188.0,298.4534560621902
42-329415580000,357.0,375.1366678424254
42-329425020000,363.0,433.3345799873155
42-317412050000,154.0,227.63296675166438
42-383383380000,186.0,204.55686968770803
42-317405960000,186.0,247.44567190524432
42-383404040000,218.0,332.8525327168684
42-317395840000,261.0,262.7329660317158
42-383385440000,155.0,258.8243039538286
42-461406360000,286.0,455.6714873183688
42-317417210000,511.0,412.37462552674884
42-227377470000,239.0,192.76264466269723
42-329405600000,153.0,217.0278327268167
42-317418780000,321.0,259.0723550194186
42-329418890000,470.0,425.69509708723837
42-317407330000,433.0,338.905313530305
42-173379440000,560.0,398.53071080947143
42-383405820000,400.0,351.87053554100567
42-173379470000,360.0,343.35511138067415
42-317423940000,230.0,327.2097523283933
42-383404160000,205.0,265.3545801243998
42-329403950000,215.0,344.2151797673634
42-227401450000,420.0,353.6178423093984
42-317405060000,301.0,334.5807797514483
42-317406080000,277.0,253.21691845036835
42-329404670000,221.0,256.03806075199276
42-173374980000,235.0,326.4207407165731
42-317413960000,281.0,360.1788235390383
42-461408240000,503.0,306.5518271159472
42-329431580000,503.0,403.4136051318932
42-329404840000,290.0,376.47295224956036
42-383403260000,112.0,167.18290522181059
42-173377920000,186.0,326.6554380295321
42-317405340000,383.0,446.08032082585646
42-329408630000,314.0,326.7260616112082
42-317402110000,453.0,347.0259297383728
42-329424650000,427.0,322.403348964678
42-461407800000,298.0,405.28606766772583
42-383397410000,442.0,432.5391339190719
42-329407010000,412.0,337.708762422458
42-329427530000,588.0,364.3121046035994
42-383400410000,483.0,415.99670097667985
42-383391260000,180.0,199.78529126084862
42-173380200000,569.0,380.7075808629293
42-317422010000,184.0,298.7777974432403
42-317412040000,170.0,276.6227534673258
42-461403690000,348.0,391.1814251241005
42-461406070000,400.0,412.8921717282788
42-329409560000,322.0,371.473956668136
42-173372220000,376.0,294.80266563568273
42-329412370000,550.0,428.0188213462122
42-317408980000,526.0,445.3897508446824
42-383387640000,203.0,233.80848476791158
42-329404560000,424.0,383.0153808826361
42-329402360000,398.0,382.8373215831075
42-383378740000,141.0,199.22772232990104
42-461403810000,209.0,232.5905492453701
42-383403700000,247.0,371.7172291537688
42-173373440000,149.0,211.82069561260272
42-329400960000,146.0,191.08304583132923
42-317387900000,346.0,258.95806221163247
42-383393850000,272.0,247.64416603498967
42-227390350000,558.0,329.524031348436
42-329422570000,403.0,381.11058674499344
42-173371550000,213.0,279.26096788982983
42-329396660000,127.0,295.6823308706495
42-329402410000,241.0,201.20513292988338
42-329421140000,406.0,294.5852841492976
42-317407140000,162.0,204.36899286035708
42-227384560000,225.0,187.82033964899546
42-227390170000,397.0,386.4209852350289
42-173374060000,239.0,399.84251345399974
42-329416410000,188.0,342.06449924733505
42-173379800000,451.0,358.2982591918956
42-329410910000,385.0,330.2803436302393
42-329402370000,277.0,419.69972352533534
42-317425920000,313.0,315.3373956647771
42-329428890000,443.0,383.4024442871535
42-461387280000,314.0,234.96110519901794
42-329386620000,259.0,216.52324179195375
42-317416000000,242.0,320.013739321944
42-173374180000,202.0,360.6471167820163
42-317413790000,144.0,262.16749972254206
42-003476420000,523.0,463.9418963826163
42-329411390000,438.0,383.41281227946865
42-329418850000,396.0,322.69565784064406
42-317396640000,223.0,225.65288827999365
42-317418630000,296.0,300.84450888669426
42-329405870000,289.0,332.17981992090665
42-317421580000,472.0,375.5964798729777
42-329422960000,232.0,361.0596540243973
42-329405690000,290.0,429.9380068497107
42-329414050000,172.0,221.39267579847294
42-461406530000,219.0,321.392268044309
42-317406830000,245.0,265.37284538749054
42-173374910000,238.0,292.4179490665876
42-461393300000,250.0,239.55612226725418
42-461397690000,486.0,361.30743106334677
42-329419130000,435.0,403.8897711674741
42-329408620000,357.0,346.6724372882251
42-317420170000,340.0,371.12711787511176
42-329390280000,208.0,284.65073976942944
42-227397380000,271.0,271.38527009805597
42-383382620000,125.0,233.9011049765785
42-329410970000,346.0,300.351140616648
42-227392190000,220.0,267.30248707424386
42-173377460200,271.0,386.6138649447854
42-227390230000,463.0,378.8652063374346
42-383396800000,316.0,372.49398917169555
42-329390840000,394.0,320.40283323945334
42-329414120000,315.0,324.2460455326614
42-317391080000,258.0,234.91202019393438
42-383396780000,289.0,386.0968495920936
42-383400500000,216.0,322.0504246767019
42-329415720000,296.0,369.0980085301308
42-461400810000,198.0,226.03760312868485
42-227394290000,268.0,415.1788232641566
42-003472930000,444.0,447.79860149173436
42-227390550000,588.0,343.52222547131686
42-227387500000,424.0,318.80645112274766
42-227398220000,515.0,377.5105204508143
42-329427330000,584.0,432.6113978400679
42-173374700000,514.0,406.3852313259675
42-317403410000,279.0,399.7533634438657
42-173375260000,300.0,348.67588404484854
42-329404770000,270.0,350.43875641163925
42-329400530000,547.0,417.27494042861997
42-227388160000,385.0,405.1242038929982
42-329428570000,575.0,424.67842588204326
42-173378790000,451.0,349.0989211565939
42-383400380000,430.0,349.1959462905315
42-461406450000,159.0,301.18671466244643
42-329403050000,240.0,228.44348564629823
42-173377450000,562.0,432.0456675255094
42-329425700000,423.0,440.7297255561704
42-329406160000,343.0,308.504503326492
42-227398490000,228.0,233.74945119160023
42-317421510000,240.0,312.00403719724943
42-329395930000,319.0,253.00335706453416
42-227399240000,464.0,300.9725451833075
42-383400800000,233.0,338.6055585117523
42-329426710000,334.0,240.41378859041896
42-317413400000,575.0,413.4539807589947
42-173382430000,263.0,328.26937858596403
42-317407130000,492.0,435.15159553120566
42-329418870000,201.0,322.79005264273377
42-329404520000,354.0,380.9606163677719
42-329430910000,346.0,329.21536218893436
42-329422170000,359.0,314.36276058167226
42-329430420000,241.0,239.5909641120891
42-317421440000,531.0,431.61740522261925
42-461413330000,257.0,426.6418566828196
42-317405450000,191.0,281.2408242806375
42-383399250000,187.0,312.88193196556375
42-317422180000,410.0,362.42133899457747
42-317387520000,259.0,287.76012480240786
42-317407510000,419.0,356.5042254462425
42-461413320000,482.0,432.0828039414128
42-173379630000,572.0,442.48534427024674
42-329408570000,296.0,437.59603665259567
42-317397350000,330.0,367.5174973943389
42-383383660000,250.0,262.243092472124
42-383384960000,163.0,245.0634252528291
42-329404800000,307.0,395.32995232994386
42-461405940000,244.0,406.2173494727886
42-329413120000,459.0,472.987426286519
42-329429340000,314.0,350.8478491401502
42-329407500000,431.0,368.1909389864836
42-461409630000,382.0,351.1935014950913
42-383395080000,165.0,242.36065707308697
42-329404680000,434.0,330.31253329985276
42-317410930000,287.0,371.8987992032864
42-329427040000,139.0,232.6728414555557
42-461406290000,324.0,439.80739873365644
42-383397650000,245.0,427.6112874430497
42-329417200000,185.0,423.66027972867
42-329414470000,106.0,193.6301263965473
42-317400950000,210.0,221.6568231564187
42-317401390000,550.0,368.10702424024066
42-329410230000,285.0,325.29911749834184
42-317420030000,608.0,346.68516198539936
42-227404020000,312.0,400.769894592475
42-329430820000,280.0,267.2520943817581
42-317413610000,262.0,340.388493978968
42-227405110000,585.0,365.34417403605585
42-317415840000,152.0,248.17702543946356
42-383395650000,189.0,280.8174336663802
42-329415040000,212.0,314.50717022709944
42-329410740000,433.0,319.80993959984926
42-329426330000,453.0,332.95474027327884
42-329431600000,489.0,379.2373343053363
42-383404050000,247.0,330.0334575768048
42-317407030000,577.0,422.6702551618673
42-329420280000,314.0,391.96228642867766
42-329419290000,362.0,404.5156010731777
42-329417130000,239.0,248.5240679949482
42-227403350000,166.0,361.556405506661
42-317396660000,152.0,240.92342348092947
42-227388660000,294.0,263.2531710016217
42-461405200000,205.0,234.9875312777918
42-383377540000,178.0,230.00580377137982
42-173378390000,366.0,346.44813542659307
42-227394210000,132.0,267.27941812346074
42-227390970000,372.0,228.5253915508501
42-317418800000,144.0,213.99038346172918
42-329413040000,281.0,461.0023700639368
42-329427610000,339.0,289.5450776947785
42-461405950000,327.0,392.6092748240593
42-461404230000,510.0,393.6517613321199
42-317405150000,177.0,216.5086713167546
42-227400710000,290.0,340.3248590993817
42-329427030000,204.0,215.2000936099534
42-173381990000,500.0,387.1689964539291
42-329419260000,187.0,327.9727514264547
42-173376490000,257.0,293.88336011662045
42-227393540000,559.0,377.2271584393935
42-173376570000,266.0,281.8719038586471
42-317416550000,446.0,358.7735598896196
42-227395100000,230.0,390.12324121151016
42-329428830000,340.0,441.91493910404813
42-383387620000,247.0,264.8995465607117
42-227393030000,398.0,396.88970730669564
42-173375190000,290.0,347.16653790272136
42-317402240000,425.0,335.33803775023733
42-383381710000,216.0,326.34096097677366
42-383387270000,248.0,200.6331299456232
42-329424840000,449.0,400.67461427081435
42-329420210000,385.0,218.62528768510234
42-383396460000,232.0,308.6785851000975
42-461393270000,320.0,330.4587150026016
42-329411200000,311.0,279.7875909355435
42-317401330000,365.0,226.92768588759574
42-461404780000,128.0,290.6990332482725
42-227394720000,361.0,342.5137060300493
42-003474630000,528.0,338.4565392455035
42-329431540000,471.0,400.5188373441907
42-317412100000,173.0,223.14100064837433
42-173381620000,255.0,371.09795612258023
42-317421950000,324.0,315.9873549267285
42-173376850000,155.0,292.74844543879675
42-383383460000,266.0,218.5799659960661
42-329403510000,198.0,195.3809074826969
42-383396680000,330.0,272.1880753398227
42-329422110000,311.0,271.90822533237736
42-227394830000,267.0,221.65516877075635
42-461412780000,323.0,461.9535309679633
42-317416050000,277.0,337.50050904810456
42-317403970000,246.0,318.3005414707906
42-329436860000,283.0,351.73407906896665
42-461404030000,263.0,320.61200809305893
42-329418650000,530.0,424.65263491901663
42-329427780000,453.0,348.44579362491834
42-173379540000,565.0,373.25909209015595
42-227403280000,154.0,354.84343170637436
42-329397470000,387.0,373.4803565272395
42-461407030000,531.0,422.8895535217555
42-317413060000,166.0,309.23391072645893
42-003458960000,389.0,246.94267874600308
42-173374100000,267.0,304.1772913380545
42-317401430000,366.0,266.042361996365
42-329388470000,141.0,201.05137365210314
42-383398100000,303.0,273.1578252610726
42-317419060000,680.0,457.52931543920226
42-317411840000,333.0,274.10171685911246
42-461402040000,585.0,459.60260400540267
42-227394240000,557.0,346.997938587407
42-329426540000,301.0,277.0945638519676
42-227395150000,374.0,396.6211053294972
42-329406170000,322.0,320.91582268084227
42-383399290000,210.0,325.29920458099633
42-329396450000,159.0,200.52444256549597
42-383402680000,163.0,400.26021630840387
42-329409830000,513.0,413.55083628373654
42-317407720000,187.0,212.45373675311345
42-317416100000,327.0,330.0183514908203
42-227401820000,447.0,395.1991080042042
42-329419780000,237.0,305.4362505761822
42-461402110000,339.0,265.29830659228315
42-329426310000,414.0,326.1026611985146
42-227384160000,295.0,189.9966874401951
42-173376470000,252.0,280.17112273905104
42-317405880000,204.0,278.3407444640483
42-317416820000,465.0,332.7568209606381
42-461405310000,284.0,330.97345309502566
42-329389570000,173.0,285.9529334008137
42-317403440000,357.0,482.6821491481848
42-461391520000,262.0,285.8923272445012
42-317413300000,615.0,439.3521948327417
42-383396300000,374.0,408.54433055774314
42-329424550000,155.0,245.00448828715497
42-383399500000,432.0,270.0228420842594
42-317407150000,201.0,235.12342259020036
42-227400300000,392.0,403.02499536978394
42-383403220000,634.0,436.9999656997503
42-461407630000,320.0,288.61974446160036
42-317402880000,289.0,252.1510821042527
42-173378070000,595.0,324.3005573610902
42-173380390000,345.0,399.3702658104029
42-383396810000,229.0,357.17001244326394
42-003473440000,450.0,470.8367610271189
42-227400060000,276.0,284.5846700248364
42-317415050000,378.0,385.9655560845948
42-329406250000,607.0,391.5581711552447
42-383378750000,202.0,232.23916237795942
42-227392320000,595.0,414.8458372837498
42-227384540000,423.0,201.01919839614823
42-461395000000,222.0,354.1998654223021
42-003474690000,656.0,463.8125030244529
42-329405160000,190.0,216.71864011952832
42-317396100000,345.0,252.00661102688704
42-383382260000,257.0,279.0742701059356
42-329395520000,213.0,313.9007807953434
42-317416200000,447.0,421.5082472360405
42-173381290000,439.0,398.8201996054121
42-383401200000,250.0,314.6202911106087
42-173379930000,275.0,345.3841972185533
42-227400900000,323.0,350.0082585167638
42-317419080000,674.0,456.6172238534354
42-317402250000,486.0,335.90183961248573
42-317401300000,180.0,219.90290066001816
42-383395810000,321.0,286.07906308404966
42-329412720000,383.0,287.4944488208605
42-383403930000,391.0,436.72229543275444
42-317405990000,129.0,253.82718594883673
42-317407430000,257.0,284.894799498637
42-329402680000,216.0,298.36940231125413
42-317397140000,334.0,324.93857631362357
42-383405970000,316.0,359.536352482363
42-317407060000,556.0,435.83808376298856
42-383382290000,127.0,189.5591315945392
42-383401800000,156.0,407.4558747818458
42-173381000000,320.0,264.88116014487275
42-227391520000,166.0,220.6181149573742
42-383397100000,340.0,415.1623607396487
42-317404660000,364.0,429.19196170028545
42-329432810000,688.0,421.7996174872344
42-461403790000,165.0,248.43918829916208
42-329411170000,334.0,336.55532519769423
42-461390650000,147.0,168.21223314403116
42-461406090000,455.0,411.7340854721397
42-317418260000,158.0,273.7740552719982
42-317391910000,340.0,265.5795352908032
42-227388240000,430.0,306.7417322905864
42-317408100000,391.0,344.7556884649653
42-173374720000,371.0,363.4693312838538
42-329427590000,253.0,296.0847765714277
42-383406130000,331.0,397.2344461234968
42-227390470000,227.0,208.68718736912936
42-461408750000,228.0,230.08270753549212
42-461403200000,364.0,437.4637429189997
42-329417790000,154.0,274.51233752709436
42-383395820000,358.0,255.12726008205806
42-227402790000,208.0,203.18595432418593
42-461411620000,375.0,402.9697784206064
42-317417390000,395.0,297.60606769887784
42-329394470000,252.0,201.20513292988338
42-227396470000,191.0,258.8777565756713
42-383400280000,325.0,388.07950574077563
42-461389750000,221.0,283.9298281246894
42-461404630000,116.0,289.5243947961337
42-461377190000,109.0,199.0153556214162
42-383395090000,295.0,269.32108479293885
42-461403300000,209.0,359.96133875360215
42-329431220000,310.0,349.5152717061157
42-383407280000,291.0,316.96483408840726
42-329401980000,212.0,239.02418736092642
42-317415070000,204.0,337.05861799387435
42-329417110000,543.0,446.44577225457925
42-329409530000,523.0,369.1349813689976
42-329395200000,423.0,321.4019544113739
42-329427880000,302.0,265.806755617073
42-329422290000,477.0,387.10738878640353
42-317406140000,331.0,271.1663076207538
42-329420710000,452.0,344.52438788060647
42-329415250000,421.0,322.62962497276425
42-383393470000,212.0,217.5611879972399
42-329429040000,424.0,324.3278926932191
42-329391670000,175.0,228.31882152167174
42-329404310000,304.0,292.3905459339538
42-173365290000,276.0,304.1535908200813
42-329430960000,276.0,323.3958763642752
42-329402340000,396.0,430.4549734487948
42-329431850000,299.0,351.94109880072386
42-329434490000,227.0,325.3938690596085
42-329393020000,371.0,335.8659438296777
42-317416930000,444.0,418.8885001893116
42-329427480000,305.0,465.9521396981154
42-329416900000,344.0,446.0285265786824
42-227390490000,271.0,252.1816463412223
42-329403840000,306.0,311.4066175766266
42-227400810000,274.0,350.0082585167638
42-329404610000,132.0,202.15722776142186
42-003478320000,410.0,356.2947537099029
42-329399620000,361.0,305.7505461274756
42-329395910000,117.0,270.2153155861556
42-317400890000,125.0,292.01277841956215
42-227398340000,255.0,340.7872979229674
42-329421800000,255.0,242.44783781570362
42-329407430000,372.0,332.3688287317402
42-329403700000,158.0,194.16375623325868
42-461412070000,518.0,392.17672719311116
42-317417380000,436.0,338.17003675776397
42-329425170000,443.0,438.8202460858191
42-317405940000,314.0,249.8386905051913
42-383388150000,130.0,222.23796890060518
42-329411160000,347.0,342.9763784055898
42-383406540000,400.0,432.0437296679184
42-329408580000,388.0,405.0969218026367
42-227405090000,511.0,334.02644956498693
42-173375490100,167.0,340.01159204038936
42-173371830000,256.0,323.112359955928
42-329414830000,495.0,330.24001281044724
42-461386430000,145.0,215.9535328014132
42-329402390000,205.0,452.0787489063083
42-003479930000,606.0,459.2992894906952
42-461407990000,498.0,409.5482803422206
42-329390630000,427.0,334.3677351886123
42-227390400000,154.0,301.0904760134689
42-173380730000,186.0,234.43471964307582
42-317394940000,275.0,265.3384202733088
42-461405430000,499.0,473.5692806062451
42-317417530000,371.0,393.01905300865127
42-227385760000,438.0,266.49000821366246
42-461397650000,220.0,431.936657778113
42-329400270000,201.0,302.48906593975295
42-173373800000,492.0,399.40421848840197
42-329416910000,254.0,487.51388773048984
42-329391930000,218.0,255.00918190312802
42-317419510000,372.0,367.49473261653384
42-317409470000,442.0,311.763449773698
42-317409750000,645.0,474.30217667394646
42-329408400000,339.0,307.1482146771487
42-227396860000,514.0,351.5608321356142
42-461391780000,192.0,234.18421500298612
42-461406160000,390.0,313.92256165145267
42-227399930000,338.0,415.20432601759813
42-329413090000,349.0,461.95862045148215
42-317409560000,279.0,256.4462419770403
42-173381870000,405.0,404.83411483121967
42-329404080000,284.0,337.4085966833671
42-461405030000,482.0,424.53572820488006
42-329413270000,441.0,464.50540100948376
42-317420950000,352.0,465.7300470583679
42-227388810000,248.0,268.83986150953393
42-329418190000,469.0,449.53297362710214
42-329433450000,143.0,376.9081651876065
42-003477180000,336.0,377.35762467182855
42-329407580000,162.0,221.67580586251236
42-461388530000,190.0,215.6814395205519
42-317405290000,171.0,282.1694433935334
42-383405320000,165.0,337.0590469174641
42-461409590100,149.0,249.7130167343361
42-227387970000,282.0,259.4582634290661
42-317402030000,316.0,335.53448342953806
42-173376610000,378.0,354.05507404687404
42-227397940000,310.0,258.73367701343807
42-461397170000,281.0,277.8183064467566
42-317412950000,380.0,358.560574016744
42-173375280000,397.0,298.9209793482375
42-317405490000,356.0,300.5142105411187
42-227384710000,305.0,214.4804428478627
42-329400900000,216.0,227.9924894346369
42-329432010000,385.0,428.91939771068274
42-329391920000,240.0,224.73951408696507
42-317408130000,372.0,336.1920260434693
42-317412920000,383.0,309.2151018593388
42-383390170000,135.0,219.54549049519727
42-227396850000,496.0,347.78282358742314
42-329419880000,309.0,445.3507085003217
42-173374070000,329.0,370.7429913122691
42-383385170000,125.0,179.84738755489056
42-383381350000,160.0,188.1998340256682
42-329404970000,331.0,417.5922281551318
42-461407680000,398.0,238.46827377888786
42-383399550000,311.0,234.71252288978224
42-329404230000,478.0,377.13105181271993
42-227401330000,285.0,243.13319491194758
42-317403640000,196.0,444.905895325668
42-227400640000,710.0,435.5851818166853
42-317405250000,578.0,381.9257278296238
42-461408530000,284.0,325.03663854155263
42-227396600000,300.0,266.9610798351161
42-329417370000,237.0,334.8880671942933
42-329405650000,590.0,441.4361809059309
42-003479490000,278.0,369.00001928440685
42-461412820000,422.0,426.50006873589314
42-227401170000,547.0,432.18923056152875
42-461411760000,451.0,406.86420849186413
42-329428950000,575.0,383.04799328810054
42-329433350000,236.0,311.8452637664507
42-329433010000,560.0,396.8427461058318
42-227394510000,248.0,423.8992821114935
42-173380770000,326.0,317.5615967368068
42-227403160000,252.0,274.43738085407665
42-461402620000,446.0,360.06298518576904
42-317395780000,251.0,252.77751495881267
42-227395370000,338.0,377.8535315484695
42-383380330000,316.0,302.83433708295735
42-329417490000,272.0,287.27806538421373
42-329387940000,129.0,196.34639948415983
42-329404090000,199.0,328.49335222558443
42-329420010000,503.0,480.139509846816
42-329415590000,302.0,318.72522675447533
42-173376190000,447.0,423.8861600635822
42-173378820000,438.0,356.50029599588055
42-329403480000,296.0,325.2898175899108
42-461409450000,555.0,477.7140567171605
42-329414080000,355.0,297.09414377461286
42-227396070000,336.0,222.663624984424
42-383395990000,474.0,411.93993564398943
42-329405890000,525.0,474.23812934662493
42-317417260000,207.0,376.1257784118063
42-227382570000,452.0,247.50154744885927
42-317415320000,309.0,368.9469381871613
42-383391880000,394.0,270.02321738816704
42-461405530000,301.0,382.00280525483157
42-317406280000,117.0,259.0267102906503
42-227389040000,320.0,224.37983988316188
42-227398280000,128.0,203.28230746035445
42-329428460000,136.0,167.95110755705608
42-461394520000,254.0,353.5987762892632
42-317420190000,230.0,329.24153042970806
42-383400150000,236.0,226.04079859118588
42-329395890000,186.0,327.35586292918396
42-003475160000,308.0,252.18187419849727
42-329430360000,347.0,295.2242431451741
42-173368220000,211.0,221.17029332501687
42-317413330000,241.0,352.44005242912453
42-329418530000,439.0,409.33749592155476
42-227395160000,241.0,187.2472791804383
42-227391690000,363.0,398.0267691816419
42-383396450000,235.0,362.45029578044114
42-383389690000,358.0,298.8668980220219
42-329401390000,340.0,251.3245387835974
42-329432120000,444.0,416.2937803261014
42-329395420000,285.0,240.87704584709175
42-317415980000,324.0,351.6614381824043
42-329430590000,390.0,375.04803431879105
42-173376720000,571.0,409.84088297562147
42-383392670000,300.0,436.2173253861473
42-329416340000,414.0,323.8114041652768
42-317406110000,178.0,242.22411084806305
42-317408240000,203.0,326.95128369038014
42-329429150000,362.0,322.93129019808134
42-317403240000,482.0,394.3853637448916
42-329394840000,381.0,375.0892294981843
42-317404720000,252.0,452.57659122341323
42-329409060000,290.0,340.90197251198407
42-329425380000,439.0,418.6919052616826
42-329401100000,227.0,222.00660321470897
42-317417720000,443.0,408.8095193628447
42-317392380000,219.0,331.73328925038385
42-317414320000,338.0,337.85590893508845
42-329426850000,588.0,464.2592004089979
42-173375360000,301.0,259.94032633227386
42-329416670000,329.0,319.82243836767384
42-461405210000,337.0,257.02022732390634
42-329423250000,496.0,449.3186737247985
42-329421990000,339.0,314.17624111885016
42-461385140000,188.0,212.2833601591976
42-227389950000,265.0,384.95878649071005
42-329388120000,270.0,222.14567793793847
42-317421970000,211.0,314.8523584710671
42-227401530000,337.0,246.87338414832556
42-329406800000,306.0,321.5037792899597
42-461413610000,257.0,407.4567950260564
42-317419380000,203.0,281.6412143153672
42-461411560000,483.0,430.58483428915395
42-461405990000,602.0,468.8593619661775
42-329394410000,151.0,244.96631903077147
42-329434610000,399.0,421.4103385866444
42-329401260000,252.0,290.07522300127954
42-383401960000,216.0,314.6167653530465
42-317419390000,223.0,325.0065627747338
42-173368600000,106.0,182.6944036744639
42-461403910000,352.0,449.91157288332903
42-329399050000,280.0,284.58361202506984
42-461403930000,325.0,445.1979148434356
42-461410910000,244.0,377.26782970214293
42-461407670000,331.0,270.11555982683154
42-461412250000,231.0,254.32163165417282
42-329401180000,553.0,401.9922850008499
42-227391260000,277.0,317.38439339317523
42-383406560000,366.0,345.7862020392241
42-329408990000,388.0,387.9406578295916
42-227395050000,351.0,423.5908871280639
42-317413160000,629.0,488.2059954685344
42-317407040000,424.0,375.7315208013136
42-329415120000,297.0,395.50748683288043
42-003481150000,578.0,377.4375271768407
42-461401510000,493.0,430.14493094265794
42-383400850000,276.0,298.2046433776917
42-329413290000,567.0,401.6434487476888
42-329430900000,237.0,268.4664274520941
42-329430090000,442.0,217.23764734907013
42-227383850000,195.0,196.44967850929592
42-227400650000,578.0,435.45914904115307
42-173379490000,295.0,322.4722906015811
42-317416190000,261.0,266.7009827662158
42-329423700000,480.0,441.67441238560826
42-227390600000,213.0,246.98750263695183
42-461412870000,265.0,461.57348176797154
42-173380360000,600.0,442.6792467964729
42-383395630000,247.0,304.78848603030804
42-003477050000,394.0,443.390427453917
42-461410590000,570.0,387.81285168448983
42-173374080000,402.0,369.4725340942417
42-461402280000,385.0,362.1860335047875
42-461406660000,489.0,454.59652186896983
42-173378260000,336.0,308.8325952624294
42-317389810000,276.0,252.45548435769032
42-329403960000,237.0,337.7356187358332
42-173373530000,201.0,218.7265926636687
42-461391820000,183.0,195.02731492689125
42-317403610000,260.0,305.6428724498602
42-317404320000,566.0,453.0127561668249
42-317407080000,226.0,373.40486259142244
42-383401130000,305.0,372.30892081461207
42-383403160000,159.0,333.6604950798506
42-227379800000,286.0,215.63670912832958
42-227389190000,377.0,298.88216903166614
42-383383020000,140.0,252.3961231992353
42-227387760000,400.0,301.4107984848058
42-173380320000,337.0,256.25012607185533
42-317397200000,197.0,213.7486379242717
42-173364670000,250.0,226.3440002808394
