pad_id,Actual,Predicted
42-461-40172,615.0,479.27243509183336
42-329-40648,351.0,276.1250676224665
42-461-40520,282.6666666666667,239.10497395695168
42-317-39618,178.5,261.7029181015475
42-227-39725,454.5,360.36483234775363
42-329-40655,569.0,412.9316015526784
42-329-42807,566.0,410.9368671832697
42-461-38878,156.0,193.52045094063328
42-383-38758,327.0,259.22615650220223
42-329-40697,267.0,260.88945286382693
42-173-37442,224.0,283.73510985897764
42-317-39733,343.0,290.62341148670697
42-173-37744,372.0,460.8322753160584
42-329-40960,482.0,375.9860283756518
42-461-40309,297.0,318.3946937121694
42-461-39180,108.0,196.50418342932105
42-383-37701,127.0,243.82482127317581
42-227-39621,518.5,394.10845870980455
42-227-39332,450.0,281.6611203942112
42-329-39059,227.0,181.96055536553052
42-383-38611,159.5,263.9854514948286
42-003-48015,391.0,401.89188888596993
42-227-39838,470.0,380.065438098628
42-383-39315,269.0,314.177875516771
42-329-41541,387.0,325.76217973666144
42-461-40701,247.5,341.85735581582264
42-329-43186,295.0,372.25638019584164
42-329-40132,573.0,436.1472534844321
42-173-37779,337.0,354.52083202205677
42-461-39410,156.0,196.50418342932105
42-329-41275,516.0,422.5388454315884
42-461-40320,311.5,382.9563875746261
42-317-41273,177.0,467.4320499306905
42-329-40595,251.0,194.6724393834618
42-461-40767,364.5,239.50540457620656
42-329-42779,307.0,265.5373220407474
42-329-41877,274.0,375.0290697705632
42-383-38440,230.0,314.14932921317626
42-329-42154,476.0,368.36318440626025
42-173-38075,144.5,204.02830315072717
42-329-39534,215.0,290.2185182185368
42-329-40256,397.0,370.08083560047544
42-227-39011,169.0,376.00496534460456
42-173-37866,263.0,389.6778757018552
42-317-39274,341.0,301.66207847010253
42-383-40831,520.0,404.8636576648516
42-329-39166,173.0,190.81761546229885
42-227-38235,315.0,219.2601180532731
42-317-40163,317.0,263.1239612141732
42-329-42728,515.3333333333334,417.7833970844065
42-329-42509,404.0,403.8206808607849
42-461-40081,245.5,193.62673193106997
42-173-38085,406.0,340.5963636825713
42-329-40901,534.0,409.318737734499
42-461-40174,310.0,299.8268118689424
42-329-43239,255.0,316.880946888793
42-317-41511,204.0,384.7775193335403
42-173-37679,387.3333333333333,355.01121248260955
42-461-40877,369.0,274.6002905516006
42-317-41124,187.0,358.4366872624741
42-173-37209,241.0,190.81761546229885
42-383-38226,257.0,314.18221471777736
42-227-39952,191.0,289.92484555097093
42-227-39372,399.0,316.0955136543842
42-329-34290,388.0,367.92197913990145
42-173-37165,285.0,340.2112074654876
42-317-41752,414.5,414.9810565187589
42-317-39844,251.5,329.65236395267766
42-317-40579,285.0,272.6370277749099
42-329-43202,444.0,423.64735270815316
42-227-39075,275.0,240.76217248546342
42-461-40290,262.0,220.53912988727717
42-329-38900,131.5,196.29744908709787
42-461-40600,449.0,382.09479344139476
42-329-42563,193.0,436.0365783263394
42-329-43295,513.0,412.20940293892266
42-329-42275,375.0,386.88711097421054
42-227-38434,263.0,387.14083631772064
42-227-39975,247.0,311.3920446592284
42-227-39829,128.0,194.6724393834618
42-317-40123,190.0,272.6370277749099
42-317-42217,375.0,410.9222996104274
42-003-47721,515.0,398.4783500460286
42-173-38133,337.0,440.97586576680305
42-329-41364,160.0,362.50599459269284
42-461-39164,105.0,191.85960597769815
42-227-39685,496.0,316.0938152682007
42-383-38158,316.0,316.60248977858583
42-227-38808,361.0,257.2112038402916
42-329-41850,400.5,397.3506706924625
42-317-40089,164.0,231.6933328351902
42-317-40449,378.0,369.83132927862914
42-461-41236,484.0,363.33226461663884
42-461-40425,547.0,411.6060204725791
42-329-41065,567.0,343.99590910406056
42-227-39035,558.0,340.72153235449656
42-173-36329,419.0,291.6172559561837
42-317-40936,210.0,298.3427025893053
42-329-43144,471.0,374.03800106360455
42-227-38591,276.0,303.5965200493233
42-329-42714,323.0,375.61958620546983
42-461-38516,188.0,193.8618841173764
42-227-39430,277.0,459.1215386320803
42-227-40066,654.0,423.2926718205375
42-383-39496,394.0,416.6257966965314
42-329-38749,274.0,316.4035440625399
42-227-39092,389.0,265.8747391554244
42-329-40358,278.0,224.64018775157604
42-383-40226,391.0,415.2235671388321
42-383-39611,406.0,456.17862645787875
42-461-41283,323.0,426.81792273692787
42-317-41863,327.0,286.3070586048273
42-003-47462,528.0,342.70032736574245
42-173-38031,327.0,428.76353470768004
42-317-41279,586.0,418.67685719218224
42-461-41288,265.0,428.07341044143953
42-173-38102,187.0,277.3674235507928
42-461-38643,145.0,191.47271804267683
42-461-39465,321.0,217.55994254518006
42-461-40452,180.0,312.74784256088105
42-317-41842,376.0,398.5773783294502
42-329-41720,314.0,369.1087041704838
42-329-42788,259.3333333333333,268.25570793640316
42-003-47942,427.0,405.7661068920685
42-329-40493,331.0,356.4587527987967
42-173-37345,147.0,209.6928122874761
42-317-40089,125.0,271.08586930687017
42-329-41733,240.0,204.68340573110515
42-329-40368,167.0,250.936052615952
42-317-41577,407.0,363.2383159115147
42-461-40502,502.0,370.6929234118605
42-329-39536,263.0,296.20139910805045
42-461-40958,149.0,250.68863808867698
42-329-41877,320.6666666666667,359.5323314253682
42-383-40526,165.0,389.03747315907475
42-383-40327,119.5,213.68511090503497
42-461-40108,492.0,389.08342905080997
42-329-40707,308.0,241.8099846545555
42-227-38918,377.0,270.6959923359546
42-329-42624,459.5,387.6524026069256
42-317-41702,361.0,307.8221061749812
42-317-40482,159.0,277.77232105647784
42-329-39631,287.0,380.32044236411235
42-383-40028,291.0,464.26469207008057
42-329-39302,371.0,352.48119055496966
42-317-41287,226.0,311.89537745465447
42-173-36272,265.0,271.0218436586216
42-329-40443,370.3333333333333,364.5716408504809
42-329-43203,298.0,421.5870460870475
42-329-40122,322.5,313.92911113755645
42-329-42855,575.0,456.17862645787875
42-227-39171,248.0,407.3881277457731
42-461-40446,350.3333333333333,407.3288973105893
42-461-39125,139.0,241.5458066661
42-317-40715,180.0,214.41307586681046
42-383-39315,192.33333333333334,317.6884295329965
42-383-40114,409.5,421.5588064436915
42-329-41876,228.0,368.83678439876593
42-227-39807,290.0,370.7920093412791
42-383-39810,233.0,338.25030587012196
42-329-40433,234.5,314.0050245129492
42-317-41238,341.0,281.2124115900541
42-173-38116,553.0,409.5523622766586
42-227-39718,377.0,259.10573766355196
42-383-40245,218.0,406.56007130578513
42-173-36451,160.0,209.7488170447087
42-173-37305,207.0,215.3183559046143
42-329-40542,188.0,194.6724393834618
42-317-41124,399.5,454.53600249340667
42-317-39954,305.0,246.25823668897823
42-383-37660,168.0,272.45110254958695
42-003-47767,385.0,269.1804475896783
42-461-41036,317.0,311.37564151363216
42-227-38697,309.0,242.15571413401437
42-227-40081,274.0,339.01341709239
42-329-41893,470.0,408.7273948065654
42-461-39870,242.0,199.53635879652316
42-383-39766,438.0,414.31836392815615
42-329-40815,526.0,396.6040557097213
42-461-40797,677.0,428.8463267406427
42-227-39650,181.0,291.32334710322743
42-227-38434,320.5,355.4759014019797
42-317-40472,215.0,427.2172009056221
42-329-41703,217.66666666666666,261.15823408907323
42-461-40016,564.0,456.17862645787875
42-227-40462,732.0,428.76353470768004
42-329-39344,243.0,207.60946234999858
42-329-42778,382.0,273.0101479256457
42-329-42764,335.0,418.9778205957253
42-317-40799,482.0,376.79934620467026
42-461-40308,517.0,429.88029240534394
42-003-47293,428.6666666666667,387.3561789476824
42-227-38732,189.0,283.6230461939018
42-329-40366,413.0,365.9341123875018
42-383-40537,207.0,425.5316584256827
42-461-40308,557.0,458.948568182244
42-317-40957,135.5,273.1142098024075
42-173-36188,238.0,237.45902339245777
42-227-39076,228.0,305.3392617570126
42-227-39713,291.0,359.35858677320067
42-461-41260,396.0,386.93710883860666
42-329-40463,267.5,309.9964498723093
42-317-42196,243.0,335.90340433354794
42-317-40614,208.0,237.71952108250605
42-173-37613,302.0,365.57007865268264
42-317-41346,361.5,405.71693757605317
42-317-40823,199.0,312.0617762599703
42-461-40212,339.0,269.4189271823851
42-317-41910,664.0,420.43561281571635
42-317-39274,232.0,314.1369222246398
42-329-41836,268.0,327.91414184597056
42-461-39768,347.0,395.2187425344702
42-461-41288,573.0,431.70644688188156
42-461-39018,262.0,293.4031593900132
42-383-38816,162.0,244.40954357275132
42-329-41097,325.0,250.96092154526738
42-329-39396,290.0,348.68436797986544
42-317-40669,179.0,221.23122786327593
42-227-39421,132.0,233.2474353177529
42-329-41351,388.5,332.7614036405574
42-383-40307,188.0,421.0335806616981
42-383-37798,223.0,362.00075925644126
42-383-39682,250.5,400.7247452551119
42-461-40060,286.0,214.54400045790774
42-227-39832,570.0,366.3227858556008
42-317-41781,453.0,424.2086018236572
42-227-39952,151.5,322.4475036233252
42-173-37968,565.0,399.42680454457496
42-317-41254,500.6666666666667,416.346767931871
42-461-38726,284.3333333333333,197.754172893686
42-329-40226,291.0,379.9330835974433
42-173-37448,279.0,287.3103406245227
42-003-47410,514.0,379.40764813712946
42-329-42621,424.5,325.3048531173732
42-329-39028,208.0,272.4861295603394
42-329-40513,137.0,250.25979367206057
42-461-38695,220.0,204.7048684679443
42-317-42584,252.66666666666666,311.5916671678753
42-227-38875,336.0,245.2797731615657
42-329-38692,294.0,255.15602455403894
42-461-40857,437.0,316.3314746643993
42-329-43088,328.5,285.8842134141511
42-173-37768,264.0,346.03326213488447
42-329-43058,353.0,420.6678285654445
42-329-41342,454.0,375.924087694605
42-383-40652,497.5,456.17862645787875
42-317-40703,501.0,412.9137221096175
42-461-37719,109.0,193.52045094063328
42-461-40245,446.0,308.7391657163527
42-227-39539,246.66666666666666,405.0102022223003
42-329-40241,241.0,189.92352048716253
42-329-41567,249.0,370.3914084077747
42-383-39768,259.0,363.1822729329106
42-173-37417,262.0,365.092383386482
42-173-36822,211.0,204.43484119641434
42-383-39593,362.0,276.3847380774782
42-461-38909,262.0,315.14771065056243
42-173-38032,382.0,319.5773568700586
42-329-42514,452.0,356.63666243268017
42-329-38414,252.0,191.47271804267683
42-227-39481,361.0,401.7393653061664
42-383-40064,370.0,399.07630104242355
42-329-42918,327.0,294.1408387535542
42-317-38447,303.0,298.75998548190427
42-173-37724,366.0,332.4708523027355
42-227-39881,233.0,258.42451664095677
42-329-40936,284.0,291.6172559561837
42-317-41371,146.0,280.77204072611045
42-329-42952,167.0,284.9909618204809
42-329-39728,318.0,267.7478173884498
42-461-40212,421.0,249.44706010389342
42-227-40309,494.0,396.56370935393875
42-317-40336,479.0,399.84241089357243
42-329-40756,162.0,194.6724393834618
42-329-39537,274.0,274.1478652634521
42-317-40579,154.0,232.8593128255744
42-383-38578,224.0,374.3425958936521
42-461-40088,279.0,245.23326034538886
42-317-40643,254.0,406.56058402115735
42-461-40660,566.5,418.15786263669474
42-461-40915,256.0,401.6240016395069
42-317-39844,303.0,355.8224267709139
42-329-40462,196.0,268.1656845518193
42-317-41116,220.0,362.85108158603913
42-329-40451,174.0,269.86897219096
42-329-43019,261.0,307.8221061749812
42-329-41939,467.0,428.0112897564032
42-317-42203,312.0,294.16416286018136
42-317-40674,481.0,380.8099246493945
42-329-38775,367.0,260.1309239195327
42-227-39504,291.0,420.95149103560567
42-173-37661,342.5,422.6250891936477
42-317-42414,388.0,432.25246711278663
42-173-37390,370.5,398.356144802071
42-461-39222,333.0,302.7962864270682
42-329-38694,283.0,251.73588535062976
42-329-40697,307.0,270.55509191195574
42-383-39751,287.5,476.2402597246315
42-227-39504,295.5,421.10077481089627
42-227-37906,281.0,215.59026542292833
42-329-41069,433.0,315.90748442603916
42-317-41610,272.0,403.9532686710521
42-329-43177,364.0,377.4620361663773
42-329-41708,421.0,407.633681007522
42-227-39820,566.0,370.81086835281513
42-461-40156,423.0,309.58712418147553
42-461-40388,345.0,440.97586576680305
42-329-41648,282.0,224.7990048966625
42-329-40474,207.0,206.82520466255588
42-317-41844,224.0,421.8992329361917
42-227-40183,559.0,426.9348436012637
42-227-39257,475.0,344.19066389710287
42-173-37599,281.0,342.0537177932247
42-329-41327,441.0,390.52856993750885
42-317-41428,312.5,306.3196826615427
42-227-40120,424.0,413.644204392542
42-329-42610,293.0,303.93201678752604
42-329-40954,322.0,389.6984230142399
42-329-40821,373.5,367.9013914712214
42-461-41055,280.0,208.32878284263418
42-461-38551,159.0,275.3196546549686
42-329-40069,236.0,386.8201256234105
42-173-38028,400.0,428.8463267406427
42-383-40726,273.0,444.68988291232375
42-317-39887,298.0,296.0785735028241
42-329-42367,288.0,407.23482513272967
42-227-39457,431.0,386.0525966991739
42-227-39512,394.0,367.8029252749143
42-227-38824,430.0,359.07814789528646
42-329-40266,291.0,305.2698009136062
42-329-42934,314.0,318.7367139859356
42-227-39307,480.0,357.2152118671433
42-227-38584,195.0,280.8682711227812
42-227-39300,333.5,366.2345744370338
42-173-38071,212.0,209.6928122874761
42-173-37182,256.0,361.137588396924
42-329-41073,136.0,226.44311080758976
42-227-38213,176.0,243.82482127317581
42-329-40684,321.0,379.9330835974433
42-227-40245,393.0,397.3074728506437
42-317-40138,506.6666666666667,362.4384237725063
42-329-39110,479.0,340.52417767081437
42-317-42095,523.0,415.2631198927842
42-461-40741,245.5,223.89630311884966
42-317-41233,495.0,341.8980112211588
42-173-37413,267.0,378.2371252283344
42-461-40616,259.5,290.0744416408157
42-173-37736,292.0,416.346767931871
42-383-40594,330.0,450.02859734345515
42-317-39721,400.0,239.27073957759924
42-227-39574,347.0,440.2617979577012
42-317-39463,200.0,236.45841849831453
42-173-36173,263.0,243.40229624358196
42-383-39783,342.0,464.26469207008057
42-227-39023,463.0,387.6148757439172
42-383-39668,330.0,295.1673125237227
42-383-38211,133.0,194.6724393834618
42-461-40480,299.0,317.8173582387765
42-329-38812,270.0,248.68701724124932
42-329-39418,299.0,288.9235218838466
42-003-47818,411.0,298.343787852361
42-461-40580,302.75,455.2261267596472
42-317-40461,447.0,424.63854129148
42-173-37982,451.0,362.97331046011726
42-329-42345,453.0,425.5316584256827
42-329-41522,177.0,305.436607890676
42-003-47394,488.0,378.58703058390364
42-329-41430,596.0,383.4091660482101
42-173-37878,391.0,419.0338296219063
42-329-42370,460.0,412.14688669984304
42-329-41484,422.5,342.70032736574245
42-317-40340,279.0,413.6985276956612
42-461-39478,277.0,353.05689763595007
42-461-40653,219.0,327.165213140134
42-461-39763,220.0,357.5915740318455
42-461-40235,231.0,305.27434447923497
42-317-41450,178.0,425.1500355115751
42-329-41558,426.0,360.81053071613593
42-383-38903,107.0,196.50418342932105
42-317-42171,247.0,366.33115565196505
42-227-39048,509.0,401.90281269820787
42-329-42701,184.75,204.02830315072717
42-227-39011,598.0,354.03224830104085
42-461-40391,336.5,370.81086835281513
42-461-39953,230.0,266.02433524526924
42-173-37855,393.0,457.74496617785735
42-317-41478,228.0,397.2817809087017
42-227-38641,400.0,348.9227783089092
42-227-38720,393.0,346.96964199797657
42-383-40420,392.5,410.270222207527
42-383-39613,374.0,437.9356081966305
42-227-40066,349.0,434.1844637569252
42-383-39720,164.0,304.9661417618623
42-173-37991,199.0,423.4961520304307
42-227-40081,221.0,370.1836234131366
42-329-42425,409.0,381.554087698929
42-329-39027,319.5,259.3092381676949
42-173-38058,438.0,476.2402597246315
42-317-41636,418.3333333333333,375.2776960762966
42-329-39519,299.5,281.6611203942112
42-461-38505,181.0,182.24695147451217
42-329-43287,688.0,457.16293452145595
42-317-40927,379.0,345.4112121977154
42-317-41478,278.5,419.6664366296931
42-317-41752,566.0,377.2481178025533
42-383-40372,605.0,411.9596340216576
42-383-39910,389.0,294.9812158971469
42-317-41295,380.0,358.61459689635757
42-003-46955,463.0,405.8702401890966
42-227-39050,222.0,215.55662481023236
42-329-40698,226.0,293.04639813562227
42-227-38576,438.0,272.1894269387617
42-329-39818,399.5,299.6297409831188
42-317-41124,270.0,414.31836392815615
42-227-39775,306.0,290.18924104092724
42-227-39331,409.0,360.29919839632913
42-329-40035,235.0,265.78401206777124
42-383-40120,250.0,330.63048508997514
42-383-39267,300.0,374.36496986357594
42-227-39192,318.0,213.68511090503497
42-317-42400,304.5,312.0617762599703
42-461-40553,301.0,410.0990629235175
42-317-41323,266.0,259.8061583614929
42-227-39171,419.5,379.49044017009214
42-317-41279,566.0,402.28691434384405
42-329-40983,498.6666666666667,424.25629146681814
42-317-42250,451.0,405.8702401890966
42-329-41069,221.0,279.4126945175238
42-317-40168,122.0,191.80483175854158
42-329-42632,429.3333333333333,316.9153584433079
42-173-37669,302.6666666666667,342.42257885404246
42-329-39372,267.0,359.7246980447345
42-383-39988,236.0,279.65426081391564
42-173-37806,316.0,342.0537177932247
42-383-39809,273.0,347.4397510900716
42-227-39839,338.0,295.81131069444126
42-227-39770,330.0,232.5803154491945
42-317-39664,407.0,318.14763604254375
42-227-40062,323.0,350.9361030442388
42-329-40812,335.0,319.91697751113384
42-461-40402,407.0,396.5891051107736
42-003-46411,542.0,353.74412453323737
42-329-42070,468.0,365.98814280042
42-461-40341,243.0,381.06574260140076
42-227-38789,282.0,301.66207847010253
42-329-39799,394.0,305.7516945431808
42-383-40085,276.0,316.2127550707485
42-227-39457,296.0,367.64542562068954
42-227-39107,496.0,355.2878740922483
42-173-37276,289.0,250.06050192829517
42-461-38947,159.0,181.96055536553052
42-173-37404,436.0,416.75353923078166
42-173-37659,214.0,411.80585343606487
42-329-40517,436.5,381.6828060352272
42-329-40993,351.0,382.9563875746261
42-317-42210,226.0,428.0112897564032
42-329-42841,342.0,385.09903511803833
42-329-41545,329.0,302.4726396533783
42-383-38332,191.0,344.06554476701774
42-317-41530,333.75,362.53560243267907
42-173-37363,501.0,376.5486715285284
42-173-36603,247.0,246.22895951136866
42-227-39379,473.0,401.6389770796939
42-329-42538,495.5,377.6281089960676
42-329-42145,268.0,324.13303777293214
42-329-40828,228.0,223.45883573462658
42-329-40254,231.5,247.85067778382327
42-329-40567,394.0,406.07927056831824
42-461-40405,335.0,313.35878644214984
42-383-39809,351.0,337.0400533002038
42-317-42276,274.0,395.5760437995461
42-317-40793,187.0,372.3511447761733
42-227-39430,208.0,422.45208571959586
42-329-39589,186.0,349.31013707557827
42-317-40894,326.0,379.49044017009214
42-317-41587,152.0,238.57747396962313
42-317-40111,283.0,267.73413591928653
42-317-41176,359.0,266.30175313770445
42-383-40510,448.0,368.9376054767378
42-329-42530,303.25,287.3529518347481
42-383-39765,245.0,476.2402597246315
42-317-40420,272.0,240.7774304637304
42-317-40759,247.0,279.1992904536705
42-329-42107,431.0,332.8156835745024
42-329-43300,467.0,369.93379353552194
42-329-39880,210.0,348.11170434034716
42-461-41218,407.0,283.40479046177865
42-173-36844,104.0,190.81761546229885
42-173-37672,571.0,412.799453813797
42-329-41121,184.0,278.84764735118875
42-317-40364,196.0,433.52890876213024
42-461-40763,378.5,285.6580027879056
42-329-40828,288.0,221.6355846556379
42-317-41346,281.0,409.56397559114157
42-317-40134,479.5,352.0938317883006
42-461-40790,374.0,372.86460559495924
42-317-40195,256.0,271.2978200411306
42-329-40605,567.0,391.8896119064106
42-329-39172,213.0,227.1794386655255
42-329-41480,371.0,376.64275570060227
42-461-39636,279.0,351.82927460051746
42-227-39881,333.0,253.3500645832371
42-461-40533,306.6666666666667,310.80186409878877
42-461-39808,299.0,365.8629517681166
42-461-40400,290.0,411.89107074844486
42-383-39659,272.0,374.0798897503471
42-329-41595,272.0,320.4798749346136
42-329-40805,563.0,396.8900898290696
42-173-36329,336.0,257.3795286939614
42-329-42381,162.0,411.738974897192
42-329-42600,517.0,405.71693757605317
42-173-36148,244.5,361.9552672123421
42-383-38343,266.0,251.99796623652193
42-383-39873,300.0,301.4801475992279
42-329-41953,267.0,265.5815119066111
42-329-39574,268.0,444.3498638326242
42-461-39813,331.0,307.1299817899828
42-329-42158,587.0,428.8463267406427
42-317-41068,325.0,274.78957091343966
42-317-39584,261.0,268.3342365039557
42-173-37819,595.0,371.11792960017283
42-329-41069,255.5,295.44890487081074
42-317-41910,545.0,451.45109609050184
42-317-40342,398.0,373.4510939874552
42-329-42090,576.0,436.85702942251453
42-173-37782,280.0,262.07099089619965
42-329-39015,124.0,193.52045094063328
42-227-40004,415.5,304.0326436586651
42-227-38733,215.0,338.45718417067485
42-317-38852,149.0,196.50418342932105
42-173-35180,242.0,231.83403681267328
42-173-37837,366.0,401.9366592733225
42-461-39260,216.0,243.44485663695784
42-227-40512,585.0,443.28798646899907
42-383-39615,444.0,440.6617423162178
42-173-37595,546.0,340.4314255411074
42-329-39023,241.0,236.85478534430092
42-317-40928,571.0,383.0311522781176
42-173-38127,323.0,297.7430117007489
42-383-39879,201.0,390.131993737884
42-329-42651,371.0,250.09963913363416
42-383-39468,200.0,376.64275570060227
42-317-40363,478.0,377.72352737796496
42-329-41067,296.0,370.47561411296937
42-003-47344,486.3333333333333,407.81243088939493
42-329-41052,386.0,277.9589229744756
42-227-39157,259.0,275.9577672173462
42-227-40135,547.0,414.9810565187589
42-317-38928,235.0,262.5015198292998
42-329-38900,243.0,196.29744908709787
42-173-36821,243.0,191.47271804267683
42-317-41747,551.0,387.03613712202826
42-317-41957,372.0,360.2597690394532
42-461-40804,301.0,289.85044542388465
42-227-37722,456.5,347.6196688463944
42-383-38158,235.0,311.48283533542684
42-461-41283,385.0,416.346767931871
42-317-40903,548.0,358.7498968052544
42-317-40717,359.5,265.33176947841076
42-329-40451,173.0,261.15823408907323
42-317-40453,238.0,272.7203502999956
42-227-39475,429.0,380.89989457687346
42-317-42158,472.0,316.0073543943429
42-383-40165,401.0,272.4472667400204
42-227-39686,514.0,387.3674570313147
42-173-36688,152.0,245.02730594721803
42-003-47468,656.0,476.2402597246315
42-317-41610,262.0,354.87580878781296
42-383-40643,314.3333333333333,378.89694911808886
42-461-39535,373.0,322.3276804247158
42-227-39154,205.0,294.1044141464582
42-317-41640,555.0,456.17862645787875
42-329-39167,318.0,240.66097365821395
42-329-40412,255.0,300.0933609977755
42-227-38718,256.0,223.07079231266215
42-173-37842,140.0,243.51184526247866
42-383-40703,294.0,410.7643011662925
42-329-41045,318.0,327.5791925390701
42-461-41191,147.0,356.1080400477313
42-317-41176,232.0,274.2129317849315
42-317-39721,196.5,269.06466923443304
42-461-39808,120.0,296.50012807439833
42-461-39638,266.0,341.05912605417535
42-329-42172,338.0,448.0112898310732
42-461-40964,465.5,401.0570096601707
42-227-39834,255.0,316.5203922366055
42-329-40205,458.0,318.2885364665426
42-317-42079,357.0,294.1408387535542
42-383-39776,243.0,361.1316875226238
42-173-37993,275.0,426.5172928363924
42-329-38797,102.0,193.0452233336495
42-317-39096,264.0,208.61517895161583
42-227-39344,462.0,380.0663894376799
42-317-40366,474.0,382.23006851993915
42-317-39699,211.0,345.96046481490697
42-317-39356,204.0,257.00021261717853
42-329-39509,501.0,413.6948335792107
42-383-38137,200.0,237.3807254654635
42-317-41583,164.0,254.58997143662532
42-329-40587,289.0,310.463606686788
42-461-40151,493.0,407.21141713394223
42-227-39633,161.25,209.41036250469162
42-317-41957,313.0,340.9674604177684
42-329-41353,319.5,399.9136860394223
42-383-40833,158.0,313.5683495877642
42-329-40896,421.3333333333333,428.2023415372722
42-317-41655,447.0,380.3714412034286
42-003-47722,578.0,434.4083527536245
42-383-40369,247.0,428.8463267406427
42-317-40184,444.0,378.71752387088895
42-227-38542,227.0,286.4894105627697
42-317-41346,497.0,410.3714793248248
42-317-39455,321.0,363.5762635963131
42-383-38870,251.0,264.2775816924206
42-317-41136,267.0,296.00392910622355
42-329-38035,382.5,285.24378994088346
42-383-39365,283.0,304.632975965019
42-227-39520,481.0,407.7858378875152
42-317-40093,141.0,244.57420868132158
42-227-39219,319.0,251.75454706164197
42-383-39711,382.0,458.6536205830053
42-227-40086,389.5,382.78956670142213
42-003-47462,535.0,363.1483525646922
42-383-39886,232.0,307.6544244610532
42-329-41436,513.6666666666666,406.56007130578513
42-329-42598,275.0,413.9475705962574
42-329-40327,434.0,287.6191885004637
42-461-38660,149.0,191.80483175854158
42-383-38753,169.0,194.6724393834618
42-329-41314,459.0,476.2402597246315
42-227-38962,417.5,340.2282403337994
42-317-38679,140.0,191.85960597769815
42-317-41768,376.75,386.61234563203266
42-329-39186,189.5,238.64140217849686
42-317-40520,182.0,303.9851117878745
42-227-39017,374.5,363.8248863637038
42-173-36959,105.0,189.92352048716253
42-329-41176,327.0,429.8605716910584
42-383-38873,284.5,214.6994719757921
42-383-38465,300.0,255.91828721868225
42-329-42424,571.0,376.94263930154193
42-173-38158,520.0,419.24244181373973
42-317-41610,327.0,369.05700247438574
42-461-40797,506.0,456.17862645787875
42-329-42748,361.5,455.2261267596472
42-317-39038,239.0,289.1288863832571
42-317-40361,265.5,268.23105611308455
42-461-40691,502.0,362.1899487224751
42-329-42306,330.0,342.0825562868287
42-317-40747,296.0,276.79998919793604
42-329-41928,374.0,425.297709521659
42-227-38641,198.0,344.3777129312234
42-317-40324,433.0,342.1897842912985
42-461-38884,190.0,297.8730136634115
42-317-42196,262.0,311.5916671678753
42-227-38789,381.0,296.50012807439833
42-461-40372,371.6666666666667,340.52417767081437
42-227-39655,515.5,418.7581990503569
42-317-39655,223.0,306.94641208298435
42-173-37664,157.0,297.446956969761
42-461-41223,301.0,263.7381944826672
42-461-39454,293.0,382.9903731260628
42-461-39446,221.0,319.5772347721039
42-173-37408,365.5,381.6337170657572
42-317-40481,547.0,394.66137583751095
42-227-39219,220.0,254.77792293478745
42-329-39063,363.0,300.29756710042886
42-461-40453,269.0,428.5307470566971
42-003-47665,571.0,365.75060351573256
42-227-39718,201.0,257.1360605413004
42-329-42204,331.5,270.357196718912
42-317-40823,274.0,259.65291416909645
42-227-38874,305.3333333333333,270.25461815100215
42-173-37773,453.0,351.4907567044526
42-461-40471,147.0,213.68511090503497
42-461-40604,395.0,370.6929234118605
42-317-40100,126.0,239.31960377339396
42-227-38811,319.0,293.04639813562227
42-383-38262,125.0,228.4692029484633
42-173-38196,471.5,409.9819021859835
42-317-41827,191.5,300.87599819509836
42-383-39326,115.0,243.3530281173922
42-317-39246,339.0,191.80483175854158
42-329-41567,447.0,392.52893401441276
42-329-39050,196.0,315.80661150722534
42-383-39772,480.0,401.30285427801414
42-383-38815,159.5,191.80483175854158
42-317-40669,349.0,246.71458352650902
42-329-40748,314.0,392.46296071764255
42-329-40269,191.5,299.4013317695144
42-317-42158,512.0,327.4207856895782
42-329-43092,202.5,290.7399954422664
42-461-40751,460.0,314.9328470522758
42-461-39719,281.0,279.5642374293318
42-317-39096,219.0,238.3714951648047
42-383-40323,167.0,204.02830315072717
42-461-38951,193.0,206.82520466255588
42-317-42101,450.3333333333333,354.9083035622387
42-461-40971,589.0,404.28906652345444
42-317-41855,161.5,316.72818796611585
42-003-47946,278.0,329.3830148075987
42-329-40184,217.0,242.89128455925743
42-329-41902,461.0,315.0179049525288
42-317-42210,423.0,365.57007865268264
42-329-39959,386.0,265.30431323912404
42-317-40539,548.0,371.9901372607273
42-329-41119,316.5,286.7866042562514
42-329-40369,163.33333333333334,190.81761546229885
42-227-39055,396.0,379.49044017009214
42-383-39034,367.0,311.02967376090487
42-383-39342,208.0,242.19981156953975
42-383-40356,151.0,377.05000491256004
42-329-39565,370.0,366.40765844595165
42-461-40277,415.6666666666667,413.0900470468202
42-317-39319,344.0,246.22895951136866
42-329-39912,166.0,190.81761546229885
42-461-40425,462.5,412.16283464329564
42-329-43151,310.0,294.1408387535542
42-329-40216,301.0,274.1478652634521
42-461-40440,434.0,352.1193729890713
42-383-38764,203.0,241.06769945289585
42-383-39448,192.0,235.556422612136
42-329-42118,292.0,419.34511300731987
42-329-39980,246.5,352.9273271225345
42-227-38805,427.0,345.96046481490697
42-383-39934,266.0,397.7518900007967
42-317-41242,421.5,381.91296839147213
42-383-38762,278.5,250.21641762366934
42-461-40665,263.0,357.6881564927009
42-317-41655,190.0,380.0663894376799
42-329-40550,270.0,193.77450888079332
42-227-38948,386.0,360.1258654364864
42-227-39240,187.0,371.26534219299805
42-317-39356,177.0,235.93639148089304
42-383-40378,243.0,420.12325867466257
42-383-39404,282.0,384.92140075858174
42-461-39018,347.0,242.5183493322151
42-227-38471,233.5,268.72957492641336
42-461-40689,601.0,410.1293634495865
42-329-40077,225.0,269.59814583971263
42-329-39362,373.3333333333333,295.0660763010859
42-329-40443,430.0,353.84160253287234
42-173-37477,402.0,369.614093149533
42-383-40316,159.0,353.4381983747249
42-003-45638,241.0,278.1194142546912
42-329-39323,307.5,413.44998472674126
42-317-39238,219.0,265.17819303561396
42-329-42403,491.0,412.799453813797
42-227-38914,157.0,292.07523670862776
42-317-42082,391.0,318.95702474076256
42-173-38179,390.0,446.5153956652527
42-227-39112,503.0,331.86730866542126
42-461-40544,467.6666666666667,414.81504435104694
42-329-40467,332.5,274.3808157264818
42-227-39545,373.0,251.8954474856408
42-227-37747,239.0,190.81761546229885
42-383-39563,247.0,355.1859524114933
42-461-41352,282.0,312.07894716165293
42-173-38080,197.0,338.27761842815215
42-329-40492,148.0,196.29744908709787
42-317-41790,314.0,370.15823922193033
42-329-38377,117.0,201.68344597084268
42-317-40934,259.0,235.04229650575672
42-383-39906,156.0,325.3540095939418
42-317-39707,334.0,343.38906074396147
42-227-39375,245.0,208.79488178480761
42-227-37811,282.5,431.81062030326336
42-329-41958,395.0,361.1658067187837
42-329-38999,239.0,260.4009511910627
42-173-38100,320.0,271.7799238653721
42-227-39369,241.5,426.623010904401
42-329-41177,570.0,427.83216768734354
42-383-38338,210.5,277.036673696094
42-329-39871,500.0,341.63355136958336
42-227-38751,304.5,310.92879958189366
42-461-39180,183.0,196.50418342932105
42-317-41419,269.0,362.87428217669566
42-227-39456,333.5,422.2204921655098
42-461-40806,345.5,407.73336871046257
42-329-40232,198.0,279.5380860707131
42-461-39753,302.0,364.4894288398689
42-317-40542,265.5,252.67503424101022
42-329-43449,318.3333333333333,284.1610529035007
42-227-38991,284.0,264.0051488399365
42-329-40756,188.0,193.0452233336495
42-329-41362,191.0,381.2453096111958
42-227-40037,289.0,428.76353470768004
42-317-42217,367.0,389.2763887887967
42-329-40222,391.0,349.3654439472868
42-173-37700,313.0,311.74038309161256
42-173-37620,456.0,428.76353470768004
42-329-40184,209.0,239.7016186029602
42-329-41023,285.0,314.8271261144499
42-173-37744,522.0,416.346767931871
42-317-39863,354.0,252.70104097419716
42-173-37527,317.0,363.89980649991026
42-173-37576,244.0,405.83854660550566
42-461-40949,429.0,418.9087340334172
42-227-37800,223.0,217.09432365628152
42-317-39740,371.0,363.5762635963131
42-383-40543,477.0,446.0465515635374
42-383-40502,349.0,402.66844507634335
42-329-40346,311.0,352.1193729890713
42-227-39103,177.0,235.14588232787693
42-173-38006,518.0,369.08975806204324
42-317-39577,256.0,268.3625418156093
42-461-38985,146.0,201.68344597084268
42-317-42095,266.6666666666667,422.9798950393205
42-461-40631,327.0,379.6654116719243
42-461-39561,134.0,189.92352048716253
42-173-37458,399.0,340.7482164804667
42-227-39998,299.0,314.30481278992477
42-461-40604,466.0,370.6929234118605
42-227-38881,248.0,296.6120652379288
42-317-40894,526.0,407.23482513272967
42-329-43111,187.0,351.1177614881978
42-329-41662,188.0,317.95234716642267
42-329-40936,134.0,291.6172559561837
42-317-42592,398.5,327.5791925390701
42-317-41775,381.3333333333333,316.9889781117226
42-317-40501,442.3333333333333,361.20829590688754
42-003-47063,231.5,242.00038235221305
42-329-39023,291.5,254.71216486320006
42-227-38423,424.0,367.9686185229449
42-461-40774,224.5,230.803068673518
42-383-40403,218.0,431.17545058118657
42-461-40220,318.0,313.82145480595074
42-317-39057,322.0,269.29542802288677
42-317-40208,294.0,307.68474228584836
42-329-39574,314.0,419.5988582996577
42-383-38629,189.0,250.25579979352264
42-227-39725,484.0,376.52224426190685
42-329-41723,406.0,369.2119930603271
42-173-37792,186.0,370.10665628153123
42-329-41669,445.0,416.27092219921093
42-329-43177,351.0,369.06620419681457
42-329-40954,331.0,358.0804489358809
42-317-41957,218.0,360.2597690394532
42-329-41439,305.0,279.3841618431441
42-329-39629,213.0,389.4441812995038
42-383-38369,175.0,208.79488178480761
42-329-42909,362.5,380.9124399883574
42-329-40137,233.0,194.6724393834618
42-317-39492,290.0,245.92628440890186
42-329-40444,186.0,276.24932062806187
42-383-38497,163.0,243.51184526247866
42-329-40222,299.5,379.9330835974433
42-383-38830,263.0,196.50418342932105
42-383-39581,339.5,288.7623875683642
42-329-43162,455.0,398.4783500460286
42-329-38504,312.0,288.2707135358885
42-329-42983,557.0,427.88452842119915
42-317-41160,201.0,255.20118259652995
42-003-47716,336.0,410.3354806650702
42-383-38630,385.0,292.25261042972113
42-227-37811,644.0,405.2071782733731
42-329-42893,397.0,437.51231310873777
42-173-37213,167.0,351.9305812245034
42-461-40146,494.0,315.38942733142807
42-383-39967,311.0,259.469344462098
42-461-40689,534.0,359.35858677320067
42-173-37289,136.0,292.63809869324086
42-383-39761,462.0,367.9013914712214
42-227-39898,270.5,285.319207170863
42-461-41247,316.5,414.6214444468312
42-317-41083,273.0,311.8407477294669
42-383-39949,432.0,278.2806508324347
42-329-41175,167.0,382.9563875746261
42-383-38128,127.0,235.64440022574644
42-329-40337,186.66666666666666,278.29599468370225
42-329-41309,349.0,381.40466917515425
42-329-42858,482.0,464.26469207008057
42-461-40208,586.0,378.64107304762337
42-317-41920,329.0,293.96274137295524
42-383-39448,329.0,254.09715382854648
42-317-40509,247.0,327.4813719304232
42-173-36377,172.0,238.64140217849686
42-227-39906,479.0,348.9227783089092
42-329-42006,467.0,416.346767931871
42-329-41669,341.0,367.21388206552683
42-461-41126,578.0,428.8463267406427
42-227-39829,324.0,211.31782199111217
42-329-41484,299.0,330.80300368191416
42-227-39935,137.0,278.1701707742662
42-329-39334,297.0,210.91028797783977
42-383-38909,282.0,193.77450888079332
42-383-39566,189.0,305.1211058050072
42-329-40964,560.0,407.52415752163625
42-461-41288,570.5,414.31836392815615
42-329-39317,203.0,194.6724393834618
42-329-43082,311.0,306.8352220174961
42-329-40702,362.0,269.9249464749696
42-383-39694,145.0,309.1203038501927
42-329-43169,427.0,453.1977227559323
42-227-38771,362.0,259.22615650220223
42-461-40119,437.0,396.93155395844406
42-227-39297,484.5,389.0862862854923
42-317-42079,290.0,322.4702815645435
42-461-40193,530.5,417.5483552940373
42-383-39642,269.5,297.30892085855214
42-461-40579,441.6666666666667,455.2261267596472
42-329-41504,212.0,306.76884038832037
42-227-38744,444.0,344.3611723286774
42-173-38022,288.0,433.47205042752006
42-317-40669,177.33333333333334,214.41307586681046
42-317-41116,504.0,398.4783500460286
42-461-40305,216.0,316.5319651393006
42-329-40553,328.0,379.19299802889043
42-461-39638,290.5,298.97990662733235
42-383-40307,253.5,423.3368358112736
42-461-40387,333.5,363.85963547216096
42-383-39188,394.0,270.9647735612009
42-329-39706,127.0,259.76631548213976
42-173-37520,339.5,342.0954407074511
42-329-42394,500.0,476.2402597246315
42-329-42852,252.5,281.6611203942112
42-329-40450,339.0,312.81854573738843
42-227-38455,324.0,221.23122786327593
42-317-40443,389.0,426.75769937898764
42-317-41176,333.0,291.9519007884944
42-317-40478,146.0,286.0709062091768
42-329-43203,246.0,421.5870460870475
42-461-39769,412.0,370.563581273644
42-329-40069,350.0,371.6772404859996
42-317-39227,267.0,199.53635879652316
42-317-38706,346.0,283.6230461939018
42-329-41308,316.0,381.0615654696691
42-317-40472,244.0,434.44975097248124
42-329-43169,562.0,464.26469207008057
42-317-41737,436.0,307.09600817282916
42-329-41608,560.0,388.444524405525
42-329-41720,302.5,413.9475705962574
42-317-41655,446.0,401.7372329985294
42-329-43294,461.0,421.623499159659
42-329-40463,337.5,285.22645415537283
42-317-40683,245.0,241.26161915887806
42-329-41634,352.5,283.34347549557043
42-317-41967,185.0,348.7464867138637
42-173-37611,384.5,383.26513729818714
42-317-40584,569.0,387.45975584990623
42-329-40675,393.5,404.899810753288
42-227-38385,195.0,204.43484119641434
42-329-39653,313.0,382.6325705783832
42-461-39362,203.0,253.47070529778594
42-461-41157,376.0,386.5766206705342
42-317-41511,364.0,385.12363974008105
42-317-40084,189.0,248.81818539182876
42-317-39618,286.5,249.58111221638563
42-329-40433,304.5,457.44583230034976
42-227-39126,417.0,376.2487736389516
42-461-40538,265.0,212.23660783664758
42-329-41754,369.5,389.67492168876856
42-461-39018,262.0,286.11489820755605
42-383-39351,240.0,392.4036854613935
42-329-39871,452.5,354.8738376176229
42-329-42905,424.0,306.3939111233847
42-461-40004,226.0,204.43484119641434
42-003-47716,565.0,383.03751139006346
42-329-41558,329.5,346.8630388846459
42-317-42159,425.0,331.30271188009465
42-329-41931,308.0,304.5425129155398
42-329-41272,284.0,290.18924104092724
42-329-39548,285.0,201.68344597084268
42-461-41332,445.5,418.1194365944779
42-329-39274,278.0,321.4925583052317
42-317-39713,522.5,368.58567336364445
42-329-40896,510.5,406.69508862753645
42-329-42925,293.25,290.0016891066009
42-383-39035,325.0,312.85319295681535
42-329-39365,275.5,245.64153762137994
42-461-41081,227.5,272.6370277749099
42-227-39880,326.0,251.30212380767637
42-329-43088,200.0,278.84764735118875
42-227-37961,249.0,204.02830315072717
42-317-40733,398.5,296.00392910622355
42-461-40714,356.0,426.22429420425965
42-227-39041,412.0,286.64570383225254
42-329-41348,190.0,383.61159838872635
42-173-38037,335.5,381.49326530544596
42-383-40583,387.0,420.2421711601273
42-227-40402,407.0,418.15786263669474
42-227-40019,274.0,355.38464048616055
42-329-41509,220.0,276.46386323950907
42-173-37838,552.0,346.4605904953492
42-383-38315,141.0,240.830167539709
42-317-41533,321.0,337.98707507857984
42-317-40539,592.0,412.165044312484
42-329-42329,391.0,282.28889142750063
42-461-38074,243.0,238.8517460475739
42-461-40368,426.0,429.8605716910584
42-003-48119,477.5,407.9542214894467
42-317-40089,172.0,242.52638505285918
42-461-38995,189.0,193.77450888079332
42-329-40954,523.0,378.6054052845497
42-317-39492,275.0,228.4692029484633
42-461-38884,272.0,327.4529286423112
42-227-39053,320.0,298.68045957163815
42-383-40195,216.0,336.6637314791565
42-227-39935,203.0,282.95733197545195
42-329-42890,362.5,382.9563875746261
42-383-37564,159.0,197.754172893686
42-317-41830,400.0,407.23482513272967
42-329-41408,345.0,274.06676112849493
42-461-39330,269.0,239.27073957759924
42-317-41648,509.0,419.2896801060725
42-317-40608,274.0,235.93639148089304
42-461-40253,377.0,401.7773042525504
42-383-37826,257.0,233.22186837970807
42-461-40695,370.0,364.0683823824694
42-329-42514,527.0,391.6362272660869
42-329-42482,395.3333333333333,432.1447369199509
42-329-41139,487.0,414.89851764797106
42-173-37376,492.0,391.9275711303871
42-329-43013,200.0,314.36915475905784
42-317-40482,127.0,267.42569996975067
42-329-39537,346.0,258.9640179378571
42-317-40669,294.0,262.12357041594913
42-227-40023,537.0,394.06699145453393
42-317-41684,459.0,393.9738074486867
42-329-41839,258.0,383.26513729818714
42-383-40153,428.0,383.0391796075888
42-383-39643,271.0,314.3657844247758
42-227-39975,204.0,348.79709923331563
42-173-36711,331.0,194.6724393834618
42-461-38704,189.0,181.96055536553052
42-317-41684,332.0,359.9135742195237
42-461-40239,569.0,446.5153956652527
42-173-37527,499.6666666666667,360.2653700516654
42-317-40854,471.0,310.87525849313795
42-227-38871,218.0,196.29744908709787
42-003-46351,574.0,410.9184719962065
42-317-41856,171.5,318.0932475904215
42-329-40745,328.0,400.5283991775371
42-329-43287,508.3333333333333,416.346767931871
42-317-41672,224.5,349.25566374681216
42-227-39738,291.5,299.5045288164962
42-173-37693,379.0,388.0285241720665
42-173-37599,260.3333333333333,351.4907567044526
42-227-39654,393.0,381.48746120811694
42-227-39869,187.0,232.28779510040775
42-329-39686,234.0,261.94340685886357
42-383-37755,156.0,256.5359613047949
42-329-40266,216.0,269.50280866733414
42-329-40246,534.5,332.31169897377225
42-329-42895,575.0,363.95866375558256
42-227-38854,176.0,260.1797881153274
42-227-39594,475.0,365.2556997870436
42-461-38498,183.0,230.69432099285257
42-329-39580,351.0,341.4603681371657
42-317-41238,279.0,296.4465493639389
42-329-42227,477.0,379.9066627533221
42-461-39615,234.5,240.51259101050903
42-173-36844,106.0,190.81761546229885
42-461-40876,128.0,194.6724393834618
42-317-40883,487.6666666666667,391.59603720027957
42-329-42199,298.0,310.2422427891655
42-003-47946,433.0,402.77042836081563
42-329-42105,359.0,429.8605716910584
42-329-42884,340.0,423.48186819200447
42-329-41928,416.0,393.3435099140566
42-173-37359,483.0,428.94799462466443
42-317-42158,483.0,367.84336497441006
42-329-42167,383.0,429.25622945028584
42-461-40600,602.0,406.52898148964704
42-317-42400,272.0,320.83193677374237
42-317-39461,245.0,228.38192333956772
42-383-38993,284.0,255.9894082141459
42-461-37989,232.0,201.68344597084268
42-329-43360,406.0,406.70802630900783
42-227-38258,477.0,292.07523670862776
42-227-39459,337.0,217.28803302686603
42-329-42850,425.0,387.3674570313147
42-317-40336,337.0,393.3400059663905
42-003-47467,293.0,456.17862645787875
42-317-40542,199.0,235.0970181320822
42-317-41920,386.0,293.36610671721496
42-461-39636,244.0,304.3163101141338
42-173-37947,295.0,355.33395535496
42-329-41611,491.0,346.98226662251136
42-227-38831,222.0,240.1722053063987
42-317-38842,168.0,253.4483020743645
42-329-41850,293.0,377.13313616115505
42-227-38917,181.5,254.86176095304484
42-173-37520,462.5,388.80445050547115
42-329-41885,349.0,311.25874903070854
42-383-38387,138.0,269.4189271823851
42-317-41981,608.0,362.87428217669566
42-461-39050,273.0,232.8593128255744
42-173-37566,218.0,328.05748638080706
42-329-41020,393.5,280.9166215089198
42-329-40807,208.0,324.9158059879581
42-383-40039,483.0,404.73611943205896
42-461-40634,329.3333333333333,433.0588404937611
42-383-38515,125.0,196.50418342932105
42-329-41925,187.0,296.6120652379288
42-461-40496,532.0,425.76830660978464
42-329-40901,362.5,419.1715343238402
42-461-40449,346.0,288.998401783071
42-329-41611,382.0,356.1390919504368
42-329-42807,276.0,359.4707373726175
42-461-39501,280.0,355.7028848556398
42-317-41827,300.0,305.2698009136062
42-461-39619,627.0,389.97908693648054
42-227-38989,310.0,265.15574126865465
42-383-38316,335.0,196.50418342932105
42-461-41161,442.0,428.4101052217557
42-227-39180,407.0,341.0497797113856
42-329-40680,352.0,369.69499301840847
42-329-40930,348.0,350.0829785232296
42-173-38080,244.0,343.6413519857916
42-329-40326,343.0,319.7966076035385
42-317-41816,468.0,431.0327122535045
42-383-39756,442.0,406.3170986573988
42-227-38778,181.0,224.56987738673627
42-461-40876,228.0,196.50418342932105
42-317-41989,373.0,371.26534219299805
42-317-40262,523.0,393.1354218986331
42-383-39832,345.5,325.76217973666144
42-227-39099,218.0,317.6996123136143
42-317-38982,316.0,307.68474228584836
42-329-42666,418.0,283.49307158541524
42-317-41210,255.5,252.9913412043457
42-317-42121,452.0,432.74333722947193
42-329-40231,377.0,342.2447145824917
42-317-41144,249.0,340.8399229544756
42-317-40883,586.0,415.3570047051857
42-329-39023,274.0,257.0335014720226
