well_id,class
42-329422220000,2
42-329415660000,2
42-329417400000,2
42-317409400000,2
42-329420630000,3
42-317414440000,2
42-317422420000,6
42-317405320000,6
42-317403980000,6
42-317405020000,3
42-329414180000,2
42-329403710000,6
42-329414410000,3
42-329405150000,6
42-329413330000,2
42-317405940000,3
42-329407220000,6
42-329416460000,2
42-329416570000,2
42-329421470000,2
42-329421620000,3
42-317412700000,6
42-329423050000,6
42-317416550000,2
42-317418870000,2
42-329407030000,3
42-329395200000,6
42-317401970000,6
42-317403140000,6
42-003469560000,6
42-329394640000,3
42-329397260000,6
42-329415150000,6
42-461405820000,2
42-317408150000,6
42-329419870000,3
42-317411440000,2
42-317413770000,1
42-317413470000,2
42-227398260000,1
42-329418710000,6
42-329424220000,6
42-317418860000,2
42-003473800000,3
42-329408940000,6
42-329403560000,6
42-003475420000,2
42-317412900000,6
42-317412890000,6
42-317413240000,2
42-461407930000,2
42-329425100000,3
42-461408810000,3
42-317398520000,6
42-329409920000,2
42-329410390000,2
42-329414070000,2
42-003472090000,6
42-317402180000,2
42-317401750000,2
42-003472100000,3
42-317404080000,6
42-317408220000,2
42-317412660000,6
42-461399750000,2
42-003472010000,6
42-329413600000,6
42-329399440000,2
42-461405000000,6
42-329395190000,3
42-329416310000,6
42-317408460000,3
42-317409910000,6
42-317411110000,6
42-317411550000,3
42-173378420000,2
42-329423810000,2
42-461408080000,2
42-329429270000,2
42-317403970000,6
42-329407430000,3
42-329415520000,6
42-317409270000,2
42-329420220000,6
42-317412130000,2
42-329422780000,6
42-317412670000,6
42-317412680000,6
42-317413180000,2
42-329426550000,6
42-317418990000,2
42-461410890000,2
42-317420020000,2
42-383384990000,4
42-383388920000,4
42-329415260000,2
42-329420100000,2
42-317418260000,3
42-003473790000,6
42-173373760000,2
42-317403920000,6
42-329398800000,6
42-317404960000,6
42-383374900000,2
42-461402520000,6
42-329416660000,3
42-003475720000,6
42-329418550000,2
42-329419650000,6
42-329422110000,2
42-317414980000,2
42-317418790000,2
42-317419660000,6
42-317419830000,2
42-317404980000,6
42-317405880000,3
42-329409150000,2
42-317404210000,6
42-383396000000,4
42-003473420000,6
42-329415240000,2
42-461406630000,2
42-329421600000,3
42-329422060000,2
42-317414810000,3
42-329427780000,5
42-317419340000,1
42-173380260000,1
42-329405420000,3
42-329410250000,6
42-317406070000,6
42-329410640000,3
42-383385380000,4
42-329412440000,3
42-173368350000,4
42-317409020000,4
42-317409560000,6
42-329418970000,3
42-173379020000,2
42-317418240000,3
42-329430190000,2
42-317419620000,2
42-317390960000,2
42-317407150000,2
42-329416340000,6
42-317408140000,6
42-383384230000,1
42-329422290000,6
42-317412510000,5
42-317412880000,2
42-329424430000,5
42-329424780000,2
42-329432300000,6
42-329431750000,3
42-317422410000,2
42-329433730000,2
42-329411950000,2
42-317405260000,6
42-329412470000,3
42-383386950000,2
42-329416600000,6
42-329417320000,3
42-329421350000,2
42-003477230000,6
42-317413080000,2
42-329424070000,2
42-003474080000,6
42-383397580000,1
42-173368460000,4
42-329404870000,6
42-329410160000,6
42-461413780000,2
42-329407020000,2
42-383396570000,4
42-383384460000,2
42-329401180000,6
42-317402550000,6
42-329417410000,6
42-317414470000,6
42-227396490000,2
42-317418440000,2
42-461401910000,2
42-383393390000,4
42-329416080000,2
42-329422080000,2
42-329437180000,3
42-003474090000,3
42-329401260000,6
42-329404880000,6
42-317406940000,2
42-383397960000,5
42-317407950000,2
42-317408870000,6
42-317409470000,6
42-317412080000,5
42-317417270000,2
42-227398330000,2
42-329429580000,5
42-329405010000,3
42-329406890000,3
42-461403250000,6
42-329393180000,3
42-383385050000,2
42-003473700000,6
42-329415270000,3
42-329416910000,6
42-461405920000,2
42-329419820000,3
42-317412520000,2
42-461404050000,6
42-317392000000,6
42-317396980000,6
42-173374920000,2
42-003477260000,6
42-329425060000,6
42-317419550000,1
42-317408470000,6
42-227391730000,1
42-329418890000,6
42-317413030000,2
42-329423320000,3
42-329424060000,5
42-329426370000,5
42-317416760000,2
42-329430680000,1
42-317422060000,2
42-329412710000,6
42-329413770000,3
42-317405440000,6
42-329411180000,3
42-173366910000,1
42-003469550000,6
42-329414990000,2
42-317408960000,2
42-317410330000,6
42-329420640000,3
42-329424660000,6
42-329426070000,6
42-317416030000,2
42-227397360000,1
42-317418390000,2
42-173378960000,1
42-317421730000,2
42-329432720000,6
42-317402980000,6
42-329413250000,6
42-383399150000,2
42-003474690000,2
42-461399010000,5
42-461411550000,2
42-329415120000,3
42-383398380000,2
42-329421570000,6
42-317416410000,2
42-329432310000,2
42-329437230000,3
42-329413790000,3
42-317404990000,6
42-329411720000,2
42-227387280000,2
42-003472020000,6
42-329413990000,2
42-317415840000,2
42-329434610000,2
42-329416900000,6
42-317408430000,6
42-329417300000,6
42-461406900000,2
42-329420620000,6
42-329421630000,3
42-317413060000,6
42-317414400000,2
42-317418270000,2
42-317421920000,2
42-317423980000,2
42-329393450000,6
42-317405240000,6
42-317402540000,6
42-317401160000,3
42-317412650000,6
42-317412860000,6
42-317413630000,2
42-329425660000,6
42-003480070000,3
42-329401330000,6
42-329414000000,6
42-329403080000,3
42-329415280000,2
42-461407050000,2
42-329421410000,2
42-003477200000,6
42-173380040000,2
42-317419480000,6
42-317419670000,2
42-317420030000,2
42-173381270000,4
42-329401030000,6
42-173381620000,4
42-329420030000,6
42-329422170000,2
42-329423310000,6
42-329424340000,6
42-329424620000,6
42-461412880000,2
42-317405000000,6
42-329408760000,2
42-329399590000,6
42-317405950000,6
42-329406900000,6
42-329409990000,3
42-317401720000,2
42-329413510000,6
42-329413440000,3
42-317404150000,6
42-317408780000,2
42-329419090000,3
42-329423030000,6
42-317418750000,2
42-317422470000,6
42-003472080000,6
42-173359970000,4
42-329394830000,6
42-173373190000,4
42-329392290000,6
42-329415370000,6
42-329417470000,3
42-329418720000,6
42-329420880000,2
42-317412190000,3
42-317413730000,3
42-317418250000,2
42-317422030000,2
42-461412700000,6
42-227390400000,2
42-317401460000,6
42-173374210000,2
42-329409890000,2
42-317406010000,3
42-317405250000,6
42-383378260000,2
42-383387920000,2
42-317404040000,3
42-317422450000,2
42-329415220000,3
42-461406290000,2
42-329419810000,2
42-317412690000,6
42-329423330000,6
42-317413330000,2
42-317406100000,3
42-329403410000,3
42-317409340000,3
42-317416090000,6
42-317416690000,2
42-317418310000,2
42-317422380000,6
42-003474680000,6
42-383388110000,4
42-173371910000,4
42-461406370000,2
42-317409600000,2
42-317413790000,2
42-173378690000,2
42-329427200000,2
42-461397940000,1
42-329405890000,6
42-003471950000,3
42-461380740000,2
42-317403950000,2
42-329392570000,6
42-383383680000,4
42-329391670000,3
42-317402110000,6
42-329419830000,3
42-329419230000,5
42-317408170000,6
42-329417260000,3
42-317416640000,6
42-329428530000,2
42-317419170000,6
42-003479410000,6
42-383381410000,4
42-329401440000,6
42-317414320000,6
42-461408210000,3
42-317415940000,2
42-317418820000,1
42-329433060000,6
42-329405430000,6
42-003473540000,6
42-227389740000,1
42-317406000000,6
42-317405700000,2
42-317404090000,6
42-329408730000,2
42-317403060000,6
42-003466850000,6
42-317405350000,6
42-329413740000,6
42-329408420000,6
42-317400510000,6
42-317402530000,6
42-461406890000,2
42-317411400000,2
42-329407620000,6
42-329410430000,6
42-317420310000,2
42-317420790000,6
42-003480120000,3
42-329432840000,6
42-329433720000,6
42-329412860000,3
42-383396780000,1
42-329408720000,2
42-329407420000,6
42-383396770000,1
42-329393190000,6
42-317408230000,6
42-329417360000,3
42-317415320000,6
42-329427050000,6
42-329416350000,6
42-329421310000,2
42-329421780000,3
42-317412090000,3
42-317414290000,6
42-383403240000,2
42-329410230000,6
42-317404200000,3
42-317405300000,6
42-003479490000,3
42-329396650000,6
42-317410510000,1
42-329429240000,6
42-317421960000,3
42-329402620000,6
42-461394510000,2
42-173368640000,4
42-461400250000,2
42-329406480000,6
42-317401520000,3
42-317400850000,2
42-329414080000,6
42-461400000000,2
42-317403020000,6
42-329402900000,3
42-329402650000,3
42-329401450000,3
42-329415950000,2
42-329422240000,2
42-317412060000,2
42-317420240000,2
42-227400690000,2
42-329404860000,6
42-317408110000,6
42-329388460000,6
42-317412870000,2
42-317416730000,2
42-173374260000,2
42-317403570000,6
42-317404890000,3
42-383384150000,4
42-329415030000,6
42-383398310000,2
42-329417420000,6
42-329421760000,3
42-329427820000,2
42-329430830000,3
42-317422010000,3
42-329393020000,3
42-317406530000,6
42-329408750000,2
42-003473780000,3
42-173374340000,2
42-329413760000,3
42-317401690000,2
42-383387750000,4
42-003474720000,6
42-329386620000,2
42-317407140000,2
42-173376690000,2
42-461404960000,6
42-317409620000,2
42-329426090000,3
42-329427250000,2
42-317416780000,2
42-227398770000,2
42-329430900000,2
42-317421930000,2
42-317404170000,6
42-317405430000,3
42-003473440000,6
42-329409780000,3
42-461400240000,6
42-329403380000,6
42-329409800000,3
42-329411970000,2
42-329436890000,2
42-329415020000,2
42-461409040000,5
42-317409460000,6
42-317412950000,2
42-227398730000,2
42-461410920000,2
42-317423050000,2
42-461412840000,2
42-329386000000,6
42-317403670000,3
42-317407480000,2
42-329416200000,6
42-461406300000,2
42-317411080000,2
42-317413050000,2
42-329425610000,2
42-317415960000,6
42-329429230000,6
42-317418410000,6
42-317418800000,1
42-317418900000,2
42-317400920000,2
42-317401110000,6
42-329394630000,3
42-329418670000,6
42-317410370000,3
42-329422260000,2
42-329424650000,2
42-329427040000,6
42-317416870000,2
42-317421580000,6
42-329432110000,2
42-329432640000,6
42-317423940000,2
42-003474100000,6
42-317401170000,3
42-329405160000,3
42-329414120000,2
42-461412640000,2
42-317405340000,6
42-329413130000,2
42-329405410000,3
42-329413300000,3
42-329423180000,6
42-317398500000,3
42-329409420000,3
42-003473920000,3
42-329409980000,3
42-329390800000,2
42-329412890000,6
42-329413150000,2
42-317417040000,2
42-317406980000,2
42-003476420000,3
42-317411530000,2
42-317418180000,2
42-461409900000,2
42-317420210000,2
42-329414010000,6
42-317406080000,6
42-329405130000,3
42-329416260000,6
42-329426050000,6
42-329428500000,2
42-317420290000,2
42-329430430000,2
42-461390180000,2
42-461404030000,2
42-003471670000,6
42-317402030000,6
42-317418980000,6
42-317420230000,2
42-461410880000,2
42-317408580000,2
42-317409480000,6
42-317413800000,2
42-317415720000,2
42-317420930000,6
42-329432800000,3
42-461411560000,2
42-329432860000,2
42-317422750000,6
42-329411550000,6
42-003473450000,6
42-383398230000,4
42-317407720000,2
42-461406200000,2
42-173381070000,2
42-317397000000,6
42-383395720000,2
42-461405020000,6
42-329399100000,2
42-461401930000,2
42-329395020000,6
42-317408250000,6
42-173378250000,2
42-317416000000,2
42-317416720000,6
42-317417020000,2
42-461409770000,2
42-317418450000,6
42-461412760000,3
42-173374780000,2
42-317395180000,6
42-329412910000,6
42-329404770000,6
42-383389170000,2
42-329403390000,6
42-317406950000,2
42-317407360000,2
42-383398730000,2
42-317420270000,2
42-317419580000,6
42-317417120000,2
42-317418950000,2
42-461394460000,6
42-317404000000,6
42-317405960000,2
42-317405870000,3
42-329405200000,3
42-461403260000,6
42-003474610000,6
42-317406500000,2
42-003475290000,6
42-461406090000,2
42-317412340000,3
42-461407850000,2
42-227397090000,1
42-003474660000,6
42-317420260000,2
42-329432230000,6
42-329395180000,6
42-329420660000,6
42-329421420000,2
42-317412480000,2
42-461409800000,2
42-003473690000,6
42-383379390000,4
42-317420960000,6
42-461412850000,2
42-317426080000,6
42-329401700000,3
42-173374640000,2
42-003473430000,6
42-383398450000,4
42-317408130000,6
42-317408160000,6
42-317408550000,2
42-329421950000,6
42-317413610000,2
42-329425020000,2
42-329427930000,2
42-329407610000,6
42-317401790000,2
42-317406280000,2
42-317395170000,6
42-003474060000,6
42-329410080000,3
42-329409140000,2
42-329414160000,2
42-329402120000,6
42-317401730000,3
42-003477170000,6
42-329423340000,2
42-317412930000,2
42-317403120000,6
42-383388160000,4
42-329414660000,2
42-317407460000,2
42-173376010000,4
42-317408600000,2
42-317409330000,6
42-003474380000,6
42-329411160000,3
42-329413320000,3
42-329413390000,3
42-329422280000,6
42-329422870000,6
42-329424330000,2
42-317415480000,6
42-461409890000,2
42-317419530000,6
42-329430930000,3
42-329423010000,6
42-329425640000,6
42-317405770000,2
42-383396220000,2
42-329419910000,3
42-461406990000,3
42-317413040000,6
42-317414520000,2
42-329428440000,2
42-317418500000,2
42-461412810000,6
42-317405010000,3
42-317401660000,6
42-317404900000,6
42-317395590000,6
42-329390220000,6
42-317403130000,6
42-461391660000,3
42-317392460000,6
42-317398530000,3
42-329425130000,6
42-329426140000,2
42-329427860000,6
42-329428090000,4
42-329428110000,2
42-383405400000,2
42-317419880000,1
42-329430940000,2
42-317406140000,6
42-317403730000,6
42-329410000000,2
42-317420050000,2
42-317420800000,2
42-329409970000,6
42-383388150000,2
42-329418700000,6
42-383383870000,4
42-461397950000,2
42-317406820000,3
42-383398740000,4
42-173376720000,5
42-329392340000,6
42-383384530000,1
42-383387380000,1
42-329399050000,6
42-227390510000,4
42-317408240000,6
42-383399170000,1
42-317413420000,2
42-329424200000,2
42-329424670000,2
42-317415280000,6
42-329427020000,6
42-317403930000,6
42-317404100000,6
42-329413170000,3
42-003463150000,6
42-329403570000,6
42-383384120000,4
42-461402270000,2
42-329421800000,6
42-317405980000,3
42-317408100000,6
42-317411510000,2
42-329401430000,6
42-317412910000,2
42-317413160000,6
42-329423300000,6
42-317413230000,2
42-317417310000,2
42-461410910000,2
42-317420840000,6
42-329432370000,6
42-329427540000,2
42-461409860000,2
42-329430960000,3
42-329431670000,2
42-003464860000,6
42-329401720000,6
42-003463510000,6
42-329413670000,6
42-383384970000,4
42-461406050000,2
42-329418960000,6
42-461388780000,5
42-329398770000,6
42-317403200000,6
42-173374700000,4
42-329401870000,6
42-383394600000,5
42-329416110000,5
42-173376630000,4
42-461406340000,5
42-227392340000,4
42-461407420000,3
42-329422570000,2
42-329421050000,3
42-329422920000,3
42-227395270000,4
42-461402320000,3
42-383402700000,1
42-461408770000,3
42-317414820000,6
42-383403250000,1
42-329425690000,2
42-317416230000,6
42-227397220000,4
42-329428560000,6
42-317419080000,2
42-317419410000,3
42-227399760000,4
42-329430880000,3
42-317421670000,6
42-227401330000,1
42-317424110000,2
42-227403180000,4
42-383397950000,5
42-173373740000,1
42-383398020000,1
42-329414930000,2
42-329415190000,6
42-227390050000,4
42-173375360000,2
42-329415540000,2
42-003475160000,3
42-329415670000,3
42-317407030000,6
42-173376030000,1
42-003475680000,6
42-461406140000,3
42-461406430000,5
42-329419250000,5
42-173377070000,1
42-317409210000,6
42-173377020000,2
42-317409960000,6
42-329419660000,3
42-227393360000,4
42-227393750000,4
42-317412500000,3
42-329422990000,6
42-317413510000,6
42-227395610000,4
42-329423960000,3
42-227395190000,2
42-329425290000,6
42-317414450000,3
42-227396340000,4
42-329424920000,3
42-383403220000,4
42-329425730000,6
42-329427030000,6
42-329426490000,6
42-317416500000,2
42-329427180000,6
42-317416710000,5
42-329427550000,6
42-329427680000,2
42-329427900000,1
42-329427640000,5
42-329428850000,5
42-461410300000,1
42-329429930000,6
42-227399190000,4
42-329429430000,3
42-317420250000,3
42-329430620000,3
42-227399930000,4
42-329431550000,5
42-317421560000,6
42-329431850000,3
42-461411230000,3
42-227401510000,4
42-329433450000,6
42-329433030000,3
42-461412140000,3
42-461412230000,2
42-317424130000,2
42-173381870000,4
42-317403760000,5
42-329396510000,3
42-329406670000,3
42-329409480000,3
42-329408010000,6
42-329409000000,3
42-329411190000,3
42-329413450000,3
42-461401150000,3
42-461404480000,2
42-461397680000,3
42-461402530000,6
42-461404250000,3
42-329406180000,3
42-329407460000,5
42-329410530000,6
42-329408250000,3
42-329414440000,2
42-329403640000,3
42-329404800000,6
42-329405500000,2
42-329408100000,6
42-329413630000,2
42-461401680000,5
42-461402120000,3
42-461402340000,3
42-461403960000,2
42-461403300000,5
42-329402720000,5
42-383397660000,4
42-383395770000,3
42-383383710000,1
42-173374740000,2
42-173375200000,2
42-173373890000,2
42-227389060000,4
42-461393020000,3
42-383375630000,4
42-227387890000,4
42-461391600000,5
42-329410310000,6
42-461397620000,5
42-173368560000,4
42-329407080000,6
42-003470670000,3
42-461391070000,3
42-173373580000,2
42-003470620000,3
42-227385420000,4
42-461403420000,2
42-003474980000,3
42-329415960000,3
42-173375740000,1
42-383398660000,1
42-329417290000,3
42-227391590000,4
42-329417790000,1
42-317409180000,1
42-227392400000,4
42-461406590000,6
42-227393170000,2
42-329420990000,6
42-329421480000,6
42-383400610000,1
42-227394090000,1
42-227394930000,1
42-227395230000,4
42-317413590000,6
42-329423410000,6
42-317413290000,6
42-173378770000,1
42-173378820000,1
42-317414000000,3
42-329425620000,2
42-317416260000,6
42-329427390000,6
42-227397340000,4
42-227397570000,4
42-329428890000,3
42-227384550000,1
42-227398610000,1
42-461410350000,1
42-383404720000,4
42-227399000000,4
42-227399720000,4
42-461410620000,3
42-317420780000,6
42-461411060000,3
42-329431730000,2
42-227400860000,4
42-329432350000,6
42-227401590000,1
42-461412120000,3
42-317423650000,3
42-227402710000,4
42-227403160000,4
42-383407540000,1
42-329404450000,3
42-227382570000,4
42-329402360000,5
42-329391920000,3
42-329393660000,3
42-317402900000,3
42-003473550000,5
42-173374950000,4
42-227389020000,4
42-329405600000,6
42-317396920000,5
42-329399300000,5
42-173357610000,1
42-461391650000,3
42-329386950000,5
42-461389100000,6
42-173371890000,4
42-317404650000,6
42-329399790000,3
42-329404400000,6
42-461400590000,3
42-461401170000,3
42-461398120000,6
42-383385530000,1
42-329400140000,6
42-317380920000,3
42-461393880000,5
42-383394790000,2
42-173372050000,1
42-317397100000,6
42-329394440000,3
42-329403770000,5
42-461399770000,1
42-461397630000,5
42-383389260000,1
42-173369520000,1
42-383395960000,4
42-329408050000,6
42-227390170000,4
42-317407430000,4
42-317407530000,4
42-461405830000,5
42-227391840000,4
42-317409370000,3
42-461406450000,5
42-317409750000,6
42-317409760000,3
42-329420300000,3
42-329420830000,3
42-461407030000,3
42-317412420000,3
42-173378410000,4
42-317413100000,6
42-461408430000,5
42-329424550000,1
42-383402840000,1
42-173379040000,2
42-329425440000,2
42-317414870000,6
42-329424910000,3
42-329425150000,3
42-227396430000,1
42-329427290000,5
42-329428940000,5
42-317419930000,4
42-173380820000,1
42-173380880000,1
42-227400000000,4
42-317420000000,2
42-317421040000,4
42-173381340000,5
42-317422190000,2
42-173381590000,4
42-329434150000,2
42-383407530000,1
42-317425830000,3
42-227404020000,4
42-317408950100,4
42-329419270100,4
42-173351800000,4
42-383398790000,5
42-329417620000,6
42-383399200000,1
42-329418900000,6
42-329419500000,6
42-461407120000,3
42-317411540000,6
42-227394570000,4
42-329423880000,6
42-317415150000,2
42-317415900000,6
42-317416810000,2
42-173379500000,2
42-317417280000,1
42-173379860000,1
42-227398200000,4
42-173380310000,1
42-227399060000,4
42-461410580000,2
42-173380800000,1
42-329431060000,6
42-227402400000,4
42-317425220000,5
42-383407280000,1
42-173374790000,2
42-227386750000,4
42-227389440000,4
42-317404680000,6
42-329412260000,5
42-329406310000,6
42-329409560000,4
42-329410200000,3
42-329410980000,6
42-329412570000,3
42-329399080000,3
42-329398150000,6
42-461390070000,1
42-329404230000,6
42-383385500000,1
42-461395350000,3
42-329396450000,6
42-383387040000,1
42-227386680000,4
42-329411020000,3
42-317403830000,6
42-329413560000,5
42-329403950000,2
42-329413730000,2
42-383396830000,1
42-329389570000,3
42-317402890000,6
42-461398470000,3
42-461388530000,2
42-383381530000,2
42-329400520000,3
42-383390350000,2
42-329393340000,5
42-173375270000,2
42-383382260000,4
42-317407350000,6
42-227390490000,1
42-329416320000,3
42-461405800000,5
42-227390760000,4
42-227391080000,4
42-227391120000,4
42-317408330000,4
42-461406040000,3
42-227391760000,2
42-317409260000,6
42-227392700000,4
42-317409970000,6
42-329420310000,6
42-227392980000,4
42-317411420000,6
42-173378390000,3
42-317413670000,2
42-329423800000,3
42-317415200000,5
42-329426350000,5
42-383403160000,4
42-461409140000,3
42-329426710000,3
42-173379410000,1
42-227397510000,2
42-329428240000,5
42-317416200000,2
42-329428220000,1
42-227397790000,4
42-329428880000,5
42-227398100000,4
42-227398090000,1
42-383404260000,4
42-329429980000,6
42-329429350000,6
42-227399260000,4
42-461410790000,3
42-227400300000,1
42-003480280000,3
42-227400810000,4
42-329431710000,2
42-461412210000,2
42-329434490000,3
42-317423990000,3
42-461412780000,6
42-227405110000,4
42-329405700000,3
42-329408400000,6
42-317405890000,5
42-461404290000,6
42-461389700000,3
42-227372260000,4
42-003469570000,3
42-317392270000,3
42-461400180000,5
42-329391700000,6
42-383394820000,3
42-317405460000,3
42-329401340000,2
42-329411350000,3
42-329412460000,6
42-383395060000,5
42-317386790000,5
42-317405380000,2
42-317405470000,2
42-329408770000,3
42-317401950000,6
42-383386280000,1
42-317406690000,6
42-383383220000,4
42-227390240000,2
42-461405330000,3
42-461405350000,6
42-329415390000,6
42-461405930000,2
42-329419450000,3
42-173377840000,5
42-227394400000,6
42-329422050000,5
42-461407980000,6
42-173378920000,4
42-317414660000,2
42-317414200000,4
42-329428080000,5
42-329428070000,3
42-383404160000,1
42-003479390000,2
42-173380400000,2
42-317420280000,3
42-227399970000,4
42-329430690000,3
42-461411850000,5
42-329403880000,3
42-329403720000,5
42-329393160000,3
42-383387640000,2
42-173368570000,1
42-329396290000,3
42-383395410000,5
42-329409760000,3
42-329409910000,5
42-329411200000,6
42-173374490000,2
42-227389360000,4
42-227387520000,1
42-227387540000,4
42-317400970000,6
42-317403840000,6
42-317406340000,3
42-329408870000,5
42-329389690000,2
42-461396340000,3
42-329401270000,3
42-329404320000,5
42-329404690000,2
42-329399520000,3
42-317402390000,3
42-329397280000,3
42-461402630000,5
42-173364290000,4
42-317402620000,6
42-317405390000,6
42-317405400000,6
42-329406790000,5
42-317397290000,6
42-461400380000,5
42-329409470000,6
42-329410470000,3
42-329411730000,3
42-329406880000,5
42-329407040000,3
42-329414360000,3
42-383393160000,3
42-383397100000,4
42-383397840000,1
42-383383800000,4
42-329390150000,6
42-383393510000,1
42-461397980000,3
42-329387940000,3
42-461389660000,2
42-329406560000,3
42-329388120000,6
42-461391670000,3
42-461395500000,3
42-383387740000,1
42-461399290000,6
42-383395750000,1
42-461404310000,3
42-329385050000,3
42-003458960000,6
42-173371590000,1
42-329400900000,3
42-329405810000,3
42-173359670000,1
42-461398840000,3
42-317397200000,3
42-383383880000,4
42-317402700000,3
42-461403350000,2
42-329414950000,2
42-227390500000,1
42-317406760000,3
42-317408440000,6
42-173376160000,1
42-329417520000,3
42-173376190000,2
42-317409380000,1
42-329418880000,6
42-317410030000,2
42-383400320000,1
42-461407230000,2
42-317411790000,5
42-329422700000,3
42-173378050000,4
42-227395090000,4
42-173378440000,5
42-329424040000,3
42-227395460000,1
42-173378890000,1
42-461408070000,3
42-329424950000,6
42-317414640000,2
42-383403150000,1
42-227395990000,4
42-317416050000,4
42-383403760000,4
42-461409730000,3
42-329429200000,6
42-317419090000,2
42-383404610000,2
42-317419320000,2
42-317420350000,2
42-173380700000,2
42-329431440000,5
42-317420940000,6
42-329431650000,1
42-329431680000,5
42-383406430000,1
42-173375490100,4
42-329402460000,2
42-317404620000,6
42-329402090000,6
42-329414510000,3
42-329400730000,3
42-329403200000,2
42-383396150000,2
42-329413960000,3
42-329414110000,5
42-383396080000,4
42-317399760000,3
42-329389960000,1
42-461400570000,3
42-317391960000,6
42-329397350000,3
42-317394940000,6
42-461400890000,5
42-329399070000,6
42-461390560000,5
42-461401060000,3
42-383398100000,4
42-227390140000,4
42-461391780000,6
42-329383770000,5
42-461405650000,5
42-329417250000,3
42-317408500000,6
42-173376460000,3
42-173376800000,1
42-329419900000,3
42-173377490000,2
42-227393070000,4
42-329421140000,4
42-227393960000,1
42-227394260000,6
42-173377820000,4
42-173377830000,1
42-003477540000,2
42-003477160000,2
42-329423190000,6
42-227395150000,4
42-173378270000,2
42-329424570000,2
42-461408830000,3
42-329426000000,6
42-317415910000,6
42-329427160000,6
42-227397520000,4
42-329428250000,5
42-317417750000,5
42-317419420000,5
42-329429960000,6
42-329429970000,6
42-227398900000,4
42-227399460000,4
42-317420170000,3
42-227399730000,4
42-329430920000,3
42-329431230000,3
42-461411250000,3
42-173381980000,2
42-329418020100,6
42-329401810000,5
42-003470430000,6
42-329407860000,2
42-329408780000,3
42-329402560000,3
42-173372090000,2
42-317397210000,6
42-461402280000,1
42-329416430000,6
42-317408180000,6
42-227391290000,1
42-227392080000,4
42-329419100000,3
42-227393440000,4
42-317411040000,6
42-173378030000,1
42-329425710000,2
42-329426850000,2
42-329426310000,3
42-329426210000,6
42-317416460000,6
42-173379450000,3
42-329427990000,6
42-461411880000,1
42-003481160000,6
42-461412350000,3
42-173369500000,1
42-227389370000,4
42-227401790000,4
42-317423660000,2
42-173381960000,4
42-173373380000,2
42-173373900000,3
42-461404710000,3
42-317397400000,3
42-383394980000,3
42-329395520000,6
42-461403180000,3
42-461389470000,5
42-461402240000,3
42-461385140000,5
42-461385050000,5
42-329391720000,5
42-317399780000,3
42-173361880000,1
42-317403190000,3
42-461402190000,5
42-329389350000,5
42-461398040000,6
42-329416990000,2
42-317408650000,4
42-227391720000,1
42-317409320000,2
42-317409490000,2
42-317409830000,6
42-227392600000,4
42-227392660000,4
42-173377140000,2
42-173377190000,1
42-227393160000,4
42-383400420000,5
42-317411500000,6
42-003477070000,3
42-227395050000,4
42-383401770000,1
42-329423360000,3
42-317413750000,6
42-383402680000,4
42-461408760000,3
42-329426870000,2
42-317416540000,2
42-329427660000,3
42-383403890000,2
42-317402250000,3
42-317395640000,6
42-227398320000,1
42-317419060000,2
42-227398660000,4
42-317419390000,3
42-329430350000,2
42-329430640000,3
42-227401170000,4
42-329432990000,3
42-317424070000,2
42-461412770000,3
42-329413950000,2
42-317406440000,4
42-329413010000,6
42-383396590000,1
42-461403440000,6
42-461404400000,5
42-329402680000,3
42-317390570000,5
42-329390280000,3
42-383386870000,4
42-329387890000,3
42-383375650000,1
42-173368200000,2
42-173368220000,2
42-329389380000,3
42-317403040000,5
42-383381700000,1
42-383382420000,4
42-173371550000,4
42-329408580000,3
42-329415490000,3
42-329402330000,6
42-317408370000,1
42-329417100000,5
42-003475690000,2
42-227391780000,1
42-173376730000,5
42-173376740000,3
42-383400150000,1
42-227393050000,4
42-383400310000,1
42-173377450000,2
42-227393340000,4
42-461407080000,5
42-383401450000,1
42-317412720000,6
42-173378370000,1
42-227395370000,4
42-227395780000,2
42-173378850000,2
42-329425310000,6
42-329425930000,3
42-329425220000,3
42-383403500000,1
42-317416240000,6
42-461409180000,3
42-317417050000,4
42-227397320000,4
42-317416140000,2
42-329427590000,5
42-227398220000,4
42-461410330000,1
42-329429820000,3
42-227399130000,4
42-173380390000,2
42-317420180000,5
42-329431240000,3
42-461411080000,3
42-329431310000,2
42-173381180000,1
42-227387780000,4
42-461393300000,5
42-461385510000,5
42-329411450000,3
42-317405090000,5
42-317405280000,6
42-329407490000,3
42-329408600000,2
42-329396300000,5
42-329404780000,3
42-329410910000,3
42-329411920000,3
42-383396940000,1
42-173374190000,4
42-317390380000,3
42-227388050000,4
42-383380950000,4
42-329405510000,2
42-329406830000,3
42-329413500000,3
42-329407100000,6
42-329413980000,3
42-317405840000,6
42-173373770000,2
42-173373570000,2
42-173373800000,2
42-329405690000,3
42-329409540000,6
42-383393650000,4
42-317399540000,2
42-461391790000,3
42-383387600000,1
42-227388600000,4
42-317404130000,2
42-329400480000,6
42-329411400000,3
42-329412870000,2
42-329413480000,3
42-329414490000,2
42-317405850000,2
42-461403840000,5
42-461403500000,6
42-173375390000,4
42-317406740000,3
42-227390940000,4
42-329419860000,6
42-461406620000,3
42-173377380000,4
42-461408530000,6
42-227396350000,4
42-461409060000,6
42-329426800000,2
42-317416190000,2
42-461408890000,3
42-173373590000,2
42-227388790000,4
42-227389190000,4
42-227397380000,4
42-461409450000,3
42-317417490000,3
42-227399880000,4
42-317421600000,2
42-173381190000,1
42-329432130000,3
42-329432330000,6
42-227401020000,4
42-329433380000,3
42-317425930000,6
42-461377190000,1
42-317402140000,5
42-461401480000,6
42-329393610000,3
42-329397300000,5
42-383389110000,1
42-383378740000,4
42-227389900000,4
42-227390030000,4
42-227390210000,1
42-317406900000,3
42-227389940000,4
42-329415470000,5
42-329416150000,3
42-383398400000,2
42-461405770000,3
42-329417680000,3
42-329418420000,3
42-227392050000,1
42-227392380000,2
42-329419800000,6
42-461402090000,2
42-227393940000,1
42-317411780000,4
42-329421060000,3
42-461407430000,3
42-329422590000,6
42-317413020000,6
42-461408750000,3
42-317414690000,2
42-383403600000,1
42-317416860000,5
42-317417520000,2
42-317417970000,1
42-329429040000,5
42-317418560000,6
42-461410590000,5
42-329430650000,5
42-173380710000,5
42-329430610000,3
42-317421440000,3
42-329431860000,6
42-173381630000,2
42-317402720000,5
42-461383350000,3
42-383407620000,1
42-329412990000,6
42-317404630000,6
42-329410970000,6
42-317406190000,3
42-329412580000,3
42-461403910000,5
42-173374670000,4
42-227388930000,4
42-329403960000,2
42-003471680000,2
42-317393740000,6
42-317394110000,3
42-329402220000,3
42-461399560000,5
42-329394040000,5
42-317393190000,3
42-461386430000,5
42-461389630000,5
42-383395070000,1
42-329393820000,6
42-317400590000,3
42-317397280000,6
42-317402930000,6
42-383394150000,1
42-383394250000,1
42-329402530000,3
42-317401230000,3
42-461384580000,3
42-317394100000,6
42-329393670000,5
42-329386650000,5
42-329415040000,4
42-003475280000,2
42-329416800000,3
42-383398700000,2
42-329417210000,3
42-383399250000,1
42-227392390000,4
42-383399930000,4
42-227392970000,4
42-227393720000,4
42-329421160000,3
42-227393930000,4
42-003477050000,6
42-461407520000,3
42-317412180000,6
42-329421070000,6
42-329422910000,6
42-461407620000,3
42-227395430000,4
42-317413660000,3
42-461408450000,5
42-461408230000,2
42-329425450000,2
42-173379180000,1
42-317415780000,4
42-317417500000,2
42-461409500000,3
42-317418170000,2
42-317418340000,2
42-461388640000,6
42-329403840000,3
42-329429830000,5
42-461410280000,2
42-227399430000,4
42-227399370000,2
42-383405230000,4
42-329431830000,3
42-227400550000,4
42-383405640000,1
42-383405890000,2
42-329431410000,5
42-383406550000,1
42-329436860000,2
42-227403320000,4
42-329408110000,6
42-329408860000,3
42-329410220000,6
42-329400160000,3
42-461404110000,2
42-383389690000,3
42-173361620000,4
42-461389850000,6
42-173374970000,3
42-173374140000,1
42-329409520000,3
42-317401680000,5
42-317406110000,2
42-329407500000,5
42-329409650000,3
42-317397330000,6
42-461413610000,5
42-461396440000,3
42-173368110000,1
42-329404060000,5
42-461398100000,2
42-329393960000,6
42-173374200000,2
42-173374330000,2
42-227388060000,1
42-227389610000,4
42-317400880000,6
42-317405790000,4
42-329401980000,6
42-329410490000,3
42-329411260000,3
42-329412800000,2
42-461402770000,3
42-461402620000,3
42-461387260000,2
42-173374600000,2
42-329396320000,5
42-329405650000,6
42-329405590000,6
42-329409070000,3
42-329412140000,5
42-317405060000,3
42-329405280000,3
42-383395900000,1
42-383397110000,1
42-383385170000,2
42-461403480000,5
42-317401290000,3
42-461404670000,3
42-461404150000,5
42-461404610000,3
42-317392660000,6
42-227389890000,4
42-173375370000,1
42-317407160000,4
42-317407440000,2
42-317407070000,3
42-329418070000,6
42-317410050000,1
42-461407270000,1
42-173377730000,5
42-173377570000,1
42-383401530000,2
42-317412810000,6
42-329421680000,3
42-329423150000,3
42-227395120000,4
42-329423680000,3
42-317413500000,5
42-227395640000,2
42-329424560000,1
42-461408850000,6
42-003478320000,6
42-317400390000,6
42-173365290000,1
42-317414700000,2
42-317416220000,6
42-329427350000,3
42-173379670000,2
42-317417620000,2
42-329427750000,5
42-173379740000,5
42-329428870000,5
42-329429050000,2
42-383404110000,5
42-461410240000,2
42-173380380000,2
42-227399840000,4
42-383405380000,1
42-317421820000,4
42-329431690000,3
42-317422170000,1
42-227401250000,4
42-227401730000,4
42-461412130000,1
42-329434510000,3
42-003481370000,2
42-383407100000,4
42-461413630000,5
42-227405100000,4
42-383393270000,2
42-317405140000,3
42-329411740000,3
42-383395990000,4
42-329402490000,2
42-317396060000,3
42-461401950000,3
42-329394470000,6
42-329388810000,6
42-383386480000,1
42-383393680000,3
42-383394890000,1
42-383391000000,3
42-227384340000,4
42-329396890000,5
42-383383660000,1
42-227390260000,2
42-329414900000,6
42-317407450000,2
42-461405940000,2
42-317408590000,6
42-329420590000,2
42-461407500000,3
42-227395140000,4
42-173378610000,1
42-317416660000,2
42-317416770000,3
42-173379640000,2
42-173380050000,2
42-173380980000,5
42-383405550000,1
42-173381310000,2
42-173381540000,1
42-383405960000,1
42-227402450000,4
42-383404910100,5
42-317399550000,3
42-461397710000,3
42-383384980000,1
42-383390170000,1
42-173374130000,1
42-329404560000,6
42-227381360000,4
42-461389110000,3
42-461401300000,3
42-329396660000,6
42-227389910000,1
42-329414840000,3
42-317408340000,4
42-461406120000,3
42-461406110000,3
42-317408890000,4
42-227391750000,4
42-227391740000,2
42-329419260000,1
42-329419210000,5
42-329419400000,5
42-329419570000,3
42-227393390000,2
42-227394130000,4
42-329421750000,6
42-173378290000,2
42-227395060000,1
42-003477670000,6
42-329422760000,5
42-329424940000,3
42-317414530000,3
42-383403100000,4
42-317415270000,2
42-383403290000,1
42-317416700000,3
42-317417470000,3
42-227397700000,4
42-317417770000,6
42-317417900000,4
42-461410000000,5
42-003479450000,3
42-227399550000,5
42-173381000000,5
42-227401030000,4
42-329431420000,5
42-383405990000,1
42-461411800000,2
42-461412220000,2
42-317423400000,2
42-461412720000,3
42-227403350000,4
42-329395640000,3
42-227384540000,1
42-383391260000,1
42-317398150000,6
42-383385890000,2
42-329413120000,3
42-329391860000,3
42-461391570000,1
42-461387040000,3
42-173373910000,2
42-227384230000,4
42-329413610000,6
42-317406090000,2
42-329407920000,3
42-329390560000,6
42-461402560000,3
42-317398230000,6
42-383390230000,5
42-329395650000,3
42-317403520000,3
42-329408060000,6
42-173373170000,4
42-173373810000,2
42-173374080000,4
42-227387500000,4
42-227387860000,4
42-317404280000,6
42-317403410000,5
42-329414060000,2
42-329409600000,1
42-003470610000,6
42-227388240000,4
42-227384530000,4
42-383377550000,1
42-383394960000,5
42-461403730000,2
42-461403760000,5
42-461405450000,5
42-317407330000,6
42-227390520000,1
42-317407550000,2
42-383398880000,2
42-329418760000,3
42-317409430000,3
42-329419340000,6
42-227392780000,4
42-329419770000,6
42-317412170000,6
42-329424050000,5
42-173378900000,4
42-329425600000,2
42-317416430000,6
42-317387650000,6
42-329400190000,3
42-003472950000,6
42-383382970000,4
42-329400380000,6
42-329404610000,3
42-227397200000,4
42-329427510000,2
42-173379770000,4
42-317419290000,3
42-227398820000,4
42-173380580000,4
42-227399780000,4
42-317421060000,2
42-317424020000,2
42-317425320000,2
42-461413370000,2
42-317400490000,5
42-317397380000,3
42-329391890000,3
42-461401570000,6
42-461393610000,1
42-317405490000,6
42-329397440000,3
42-329407090000,3
42-317401300000,6
42-329397470000,6
42-329410900000,3
42-329404100000,5
42-329407910000,5
42-329409230000,2
42-461389510000,5
42-461393310000,3
42-461391520000,3
42-461396140000,3
42-329417490000,3
42-329417890000,3
42-461406440000,5
42-329419010000,6
42-173377060000,4
42-227392430000,4
42-227392670000,4
42-317409950000,6
42-329420710000,5
42-329422390000,5
42-461407560000,3
42-173378090000,2
42-383401140000,3
42-329423250000,6
42-461407750000,3
42-329424850000,6
42-317413960000,5
42-461408160000,3
42-227396280000,4
42-383403260000,1
42-329425890000,6
42-383403520000,4
42-329426860000,2
42-329427420000,6
42-173379400000,1
42-383403730000,5
42-383403720000,6
42-329427980000,6
42-329428050000,5
42-317417530000,3
42-329427610000,2
42-317417690000,2
42-383390130000,2
42-329387360000,6
42-383388100000,1
42-329397060000,3
42-173380020000,2
42-227398230000,4
42-317419310000,4
42-329429850000,6
42-383405050000,4
42-329431500000,6
42-173381170000,1
42-383405600000,1
42-329432810000,2
42-317421940000,3
42-461411620000,1
42-317425810000,2
42-227404010000,4
42-383390390000,1
42-383383550000,1
42-329402920000,6
42-317398200000,3
42-317397170000,6
42-173366080000,1
42-383398110000,1
42-329415100000,5
42-317407340000,6
42-329416100000,3
42-329416700000,2
42-317407930000,2
42-317408940000,2
42-329418200000,6
42-329418780000,5
42-329419290000,5
42-329418830000,3
42-317410690000,6
42-173377560000,1
42-329422040000,2
42-329422530000,3
42-317412730000,5
42-461407830000,6
42-329424190000,2
42-317414030000,2
42-461408420000,6
42-329425090000,3
42-329425330000,6
42-329427260000,5
42-329400530000,3
42-383403770000,1
42-329428670000,3
42-329429510000,3
42-227399670000,4
42-329431520000,2
42-461410680000,5
42-329432270000,3
42-317421970000,6
42-383405870000,1
42-317422390000,6
42-227402720000,4
42-227402890000,4
42-317425950000,6
42-329404200000,2
42-329412370000,6
42-329412450000,5
42-317404360000,6
42-329414340000,3
42-329409030000,3
42-317401630000,2
42-461401500000,6
42-461401770000,3
42-003472940000,6
42-383381270000,1
42-317396800000,3
42-383396200000,1
42-317403400000,4
42-329411410000,3
42-329413160000,3
42-329413490000,3
42-329414350000,3
42-383396090000,1
42-383395890000,1
42-461404020000,3
42-329390620000,5
42-003470420000,6
42-383384670000,4
42-329396310000,5
42-329395370000,6
42-461397540000,3
42-461396310000,5
42-383398170000,2
42-317407130000,6
42-461405780000,5
42-329416450000,2
42-461406020000,6
42-329417130000,1
42-173376270000,4
42-173376930000,1
42-461406490000,3
42-173377030000,2
42-173377410000,4
42-173377600000,2
42-173377650000,1
42-329421540000,6
42-383400990000,1
42-329422450000,3
42-173378360000,2
42-383401810000,5
42-329423370000,2
42-317413300000,3
42-329424760000,6
42-329425190000,6
42-329425170000,6
42-329425480000,5
42-317414890000,6
42-461408360000,3
42-329426250000,3
42-317415980000,6
42-317416370000,2
42-461402030000,3
42-329402690000,5
42-329394110000,3
42-227397620000,1
42-227397860000,4
42-227397930000,4
42-173380120000,2
42-461410570000,5
42-227399490000,1
42-173380840000,1
42-461410860000,3
42-329430630000,2
42-329431720000,3
42-461411240000,3
42-317421790000,4
42-317421950000,3
42-173381600000,2
42-003481150000,6
42-227402880000,4
42-227383490000,4
42-461392390000,5
42-173367020000,1
42-383384770000,2
42-227382350000,4
42-317404730000,6
42-329413590000,6
42-329388510000,6
42-003462280000,5
42-383387580000,2
42-317395650000,3
42-227383850000,1
42-317399570000,3
42-317401500000,5
42-329404460000,3
42-461398770000,5
42-461384980000,4
42-317406830000,6
42-383398160000,2
42-317408360000,2
42-317409610000,6
42-317409740000,6
42-383399980000,1
42-227393540000,4
42-227393520000,4
42-461407190000,3
42-329420930000,5
42-329421890000,3
42-317412560000,3
42-383401800000,5
42-329413470000,6
42-329394800000,6
42-329405870000,6
42-383384410000,1
42-329426670000,3
42-329426510000,3
42-329427570000,6
42-317418030000,2
42-227398390000,4
42-383405620000,1
42-317424010000,3
42-383378120000,1
42-173381770000,4
42-329387490000,6
42-329404080000,6
42-329414450000,6
42-329410030000,3
42-383395630000,1
42-461391550000,1
42-461393270000,6
42-227390040000,4
42-317407580000,6
42-329415790000,6
42-461405430000,6
42-329416170000,6
42-173375660000,5
42-227391700000,2
42-461406320000,6
42-329418650000,6
42-173377110000,2
42-227392580000,4
42-173377210000,5
42-173377010000,2
42-461403340000,5
42-461404770000,3
42-461404070000,5
42-461406950000,3
42-227393570000,4
42-003476650000,6
42-317411490000,6
42-317411760000,3
42-329422370000,5
42-329422790000,3
42-227394870000,4
42-003477550000,2
42-329425080000,5
42-173378910000,4
42-227396200000,4
42-461409000000,2
42-317415030000,2
42-227396910000,1
42-317416820000,2
42-173379440000,3
42-173379540000,2
42-173379630000,2
42-317418840000,3
42-317419640000,6
42-173380560000,4
42-383405430000,5
42-329432260000,6
42-227405080000,4
42-317406040000,2
42-317403630000,6
42-317406360000,2
42-461404440000,3
42-317396550000,6
42-461400660000,5
42-227385840000,1
42-317402840000,5
42-329401120000,5
42-173374980000,3
42-173374990000,2
42-383383450000,1
42-317396100000,5
42-227389070000,4
42-227388660000,4
42-317403790000,5
42-317405330000,3
42-317405760000,6
42-329402320000,5
42-329408550000,6
42-317402020000,6
42-317403390000,2
42-317401380000,3
42-461396150000,5
42-173371530000,4
42-173373030000,1
42-383394720000,1
42-461402910000,3
42-461403080000,6
42-003456380000,6
42-461400490000,3
42-461400520000,6
42-329403830000,3
42-317389800000,3
42-383395210000,4
42-461391820000,3
42-383387560000,2
42-317402270000,6
42-329389990000,5
42-383389760000,4
42-383394130000,3
42-461391560000,3
42-329390000000,3
42-227388700000,4
42-329413000000,6
42-317404290000,6
42-329411330000,6
42-317403360000,1
42-383395850000,3
42-383396560000,2
42-461403810000,3
42-383395860000,3
42-383393410000,2
42-227387180000,4
42-317404530000,3
42-329403480000,5
42-461405040000,6
42-003470460000,3
42-461404450000,3
42-329403030000,3
42-329405180000,2
42-329406980000,6
42-329397570000,5
42-329397580000,6
42-461405210000,6
42-329415000000,3
42-461406070000,3
42-173376470000,1
42-173376150000,3
42-173376590000,1
42-317411050000,2
42-329421300000,3
42-329421200000,5
42-317412940000,2
42-383402750000,4
42-383403010000,1
42-227398630000,1
42-329429090000,6
42-227398780000,4
42-317419200000,6
42-227398960000,4
42-317421030000,2
42-227400700000,4
42-227403080000,4
42-173375260000,2
42-317406850000,6
42-227390130000,4
42-317406780000,6
42-227391070000,4
42-329418500000,3
42-317409410000,2
42-317409590000,4
42-329419030000,5
42-329419840000,3
42-329420330000,6
42-329420700000,5
42-173378340000,2
42-461407770000,3
42-227395350000,4
42-227395380000,4
42-461408040000,5
42-329424440000,6
42-317413580000,2
42-329424680000,6
42-227395980000,4
42-227396230000,4
42-317415130000,2
42-383403060000,1
42-317415300000,1
42-317416010000,6
42-227397120000,1
42-317416470000,6
42-317417260000,5
42-317416830000,2
42-461409480000,3
42-317417760000,5
42-329429500000,3
42-461410660000,1
42-317420700000,2
42-329431180000,3
42-173380750000,1
42-173381040000,1
42-329431280000,5
42-227400640000,2
42-227400710000,1
42-329432470000,3
42-329432970000,2
42-317422530000,6
42-227404620000,4
42-329403550000,3
42-329399120000,6
42-383382320000,1
42-329391930000,3
42-461402020000,3
42-383392670000,2
42-329391780000,3
42-317405150000,5
42-329403750000,3
42-329408260000,3
42-329408630000,5
42-461391040000,3
42-329390970000,6
42-461394440000,5
42-461394540000,2
42-461394600000,3
42-003459530000,3
42-329398710000,5
42-383388130000,4
42-173374350000,2
42-227386970000,2
42-383395590000,3
42-461402720000,3
42-461404300000,3
42-461398970000,3
42-227377220000,4
42-461400040000,6
42-173368230000,2
42-461400880000,2
42-227386650000,4
42-329390240000,3
42-383380740000,4
42-383398000000,5
42-329415010000,6
42-317406990000,6
42-317407400000,6
42-227390740000,4
42-329416940000,3
42-383398940000,4
42-227397560000,4
42-329417050000,3
42-329417180000,3
42-173377100000,2
42-461387800000,2
42-461406980000,3
42-383400510000,1
42-317411330000,3
42-329421500000,6
42-329422020000,6
42-329422620000,2
42-383401730000,1
42-329423430000,6
42-329424230000,6
42-461408340000,3
42-329424500000,6
42-317414300000,6
42-173378940000,1
42-329426130000,5
42-317416070000,2
42-227396570000,4
42-317417480000,2
42-461409510000,3
42-329428830000,5
42-227398310000,4
42-317418780000,6
42-227399520000,1
42-227399810000,4
42-227400030000,4
42-317420980000,2
42-227400250000,4
42-329431700000,2
42-317424150000,4
42-317423950000,6
42-383393580000,1
42-173373640000,2
42-173373790000,2
42-227387850000,1
42-317405210000,6
42-329404550000,3
42-329414130000,3
42-329404840000,3
42-329406550000,3
42-329410290000,2
42-329412340000,3
42-227390020000,4
42-383397970000,2
42-003475170000,3
42-173375700000,1
42-173375940000,4
42-317408410000,5
42-317408840000,6
42-383399050000,1
42-329418400000,3
42-329418590000,6
42-329418800000,3
42-227393530000,4
42-173377690000,1
42-317411520000,6
42-461407370000,5
42-383401660000,6
42-329423670000,3
42-227395970000,4
42-383402760000,4
42-173378550000,2
42-317414430000,4
42-461409160000,2
42-329426340000,6
42-317416790000,6
42-383403780000,4
42-383403900000,2
42-329428610000,3
42-227397900000,4
42-329428910000,5
42-461409810000,6
42-329429010000,2
42-383404230000,1
42-461410120000,3
42-461410220000,2
42-317418630000,3
42-227399660000,1
42-317419650000,2
42-227399860000,4
42-329431020000,3
42-329431560000,3
42-329432020000,6
42-317422180000,4
42-227405090000,4
42-317402190000,3
42-383381380000,1
42-461393640000,1
42-317398630000,3
42-329400180000,6
42-317392240000,6
42-173372190000,4
42-317403540000,6
42-329408470000,3
42-329415450000,3
42-173375540000,2
42-329416120000,3
42-227391110000,1
42-383399190000,1
42-329418640000,3
42-317409290000,2
42-329419300000,5
42-317409890000,6
42-461406580000,3
42-329419620000,6
42-461406910000,3
42-383400330000,1
42-461407260000,1
42-329421320000,1
42-329422140000,3
42-227394560000,4
42-317412540000,3
42-317412800000,6
42-173378720000,1
42-461408460000,5
42-461408860000,6
42-003478330000,6
42-317415100000,4
42-329426240000,3
42-227397190000,4
42-329427500000,5
42-329428460000,5
42-227397760000,4
42-383404040000,1
42-383404060000,1
42-329393330000,5
42-227398280000,4
42-461410020000,5
42-227399160000,2
42-227399620000,4
42-317419940000,4
42-317421210000,2
42-329432360000,6
42-461412570000,6
42-317404920000,6
42-329407560000,3
42-329413270000,6
42-329407010000,6
42-329410550000,5
42-329404590000,6
42-329409610000,6
42-329411880000,3
42-329412380000,6
42-383396370000,1
42-383397410000,2
42-329395090000,5
42-461400420000,6
42-329411750000,5
42-329411890000,3
42-227380010000,4
42-317403030000,3
42-317401960000,2
42-461402160000,6
42-461391240000,5
42-329408120000,6
42-329411080000,3
42-329402230000,3
42-173368410000,4
42-227389100000,4
42-317404800000,5
42-317405190000,6
42-329410770000,5
42-329411390000,3
42-329413640000,4
42-383397350000,2
42-461403570000,3
42-173373390000,2
42-227386410000,4
42-329409020000,5
42-329408900000,6
42-461407110000,3
42-227393310000,4
42-329421850000,5
42-317411840000,3
42-227394240000,4
42-227394500000,1
42-227394830000,4
42-227394920000,4
42-329423120000,3
42-317416800000,2
42-461409650000,1
42-329430910000,3
42-461411150000,1
42-317422800000,3
42-317425890000,2
42-383393630000,4
42-329401280000,6
42-317402080000,6
42-461398700000,3
42-329403920000,6
42-461387610000,3
42-461405230000,5
42-317403530000,6
42-461403900000,3
42-461396380000,3
42-461399590000,5
42-003464100000,6
42-173371660000,2
42-173369450000,5
42-227389810000,4
42-329413570000,3
42-329387750000,3
42-461396760000,2
42-317394610000,3
42-329399830000,3
42-461396190000,6
42-383388300000,4
42-383385570000,2
42-329386930000,3
42-383393470000,1
42-003474630000,6
42-461396360000,3
42-461391300000,6
42-173374180000,4
42-383384710000,1
42-329404420000,3
42-317398610000,3
42-383389050000,1
42-173364670000,1
42-383382620000,1
42-461391720000,2
42-329394650000,6
42-329403980000,2
42-383398200000,4
42-461405320000,3
42-329415630000,2
42-461405540000,3
42-173375680000,4
42-227390970000,4
42-317408190000,3
42-329417080000,5
42-329417240000,5
42-317408880000,6
42-227392280000,4
42-317409510000,3
42-461406540000,5
42-461406640000,2
42-227393030000,1
42-317410340000,6
42-461406920000,3
42-383400500000,2
42-383400850000,1
42-329422680000,3
42-227394740000,4
42-329421080000,6
42-383401130000,5
42-383402270000,5
42-461408590000,3
42-461408900000,3
42-329426270000,3
42-227398060000,4
42-227398050000,4
42-329429100000,6
42-383404270000,4
42-227398520000,4
42-317419330000,2
42-227399010000,4
42-173380250000,1
42-173380240000,1
42-173380670000,2
42-461410610000,3
42-227400200000,4
42-329431740000,3
42-317421490000,2
42-317421800000,1
42-461411580000,3
42-329433010000,2
42-383406130000,4
42-317422460000,6
42-461411830000,3
42-461411790000,2
42-227402550000,4
42-329431110100,6
42-329408950000,5
42-317402760000,3
42-317404330000,3
42-317404790000,6
42-329408990000,5
42-329409840000,6
42-329412350000,3
42-329413920000,2
42-329410570000,6
42-317400950000,6
42-317406310000,2
42-461403200000,6
42-461402060000,3
42-317402640000,6
42-383383360000,1
42-173366030000,1
42-317387900000,6
42-329400960000,3
42-317396830000,3
42-329391630000,3
42-461389750000,5
42-227391030000,4
42-383399990000,4
42-461407140000,5
42-317411450000,6
42-329420160000,2
42-317414800000,3
42-329424830000,5
42-317416060000,6
42-317416340000,2
42-173359540000,4
42-317416280000,4
42-173380220000,1
42-329430420000,2
42-383405080000,2
42-227400210000,4
42-383407030000,1
42-383383020000,4
42-329406500000,2
42-329406580000,5
42-227388850000,4
42-317405450000,3
42-329410620000,6
42-329412330000,3
42-329406190000,3
42-317405120000,6
42-329410460000,3
42-329411150000,5
42-383397510000,1
42-461403400000,5
42-461404220000,3
42-173374070000,4
42-227389500000,4
42-317404780000,6
42-329414200000,3
42-461393600000,2
42-461401660000,3
42-329382260000,3
42-173368400000,1
42-329404740000,6
42-329393720000,3
42-329394410000,5
42-383383690000,3
42-317401430000,6
42-383383150000,1
42-461389370000,3
42-317400830000,6
42-173369590000,1
42-317399860000,6
42-461398400000,3
42-383395730000,2
42-383396680000,3
42-461404360000,5
42-383386300000,2
42-227375920000,4
42-383380730000,1
42-461400140000,3
42-383394950000,5
42-329404120000,5
42-227384260000,4
42-383375640000,4
42-329400400000,6
42-317404850000,6
42-317406410000,6
42-329414390000,6
42-227376910000,4
42-173365630000,4
42-383378050000,1
42-461388820000,5
42-227386890000,4
42-227386990000,4
42-227388090000,4
42-227388500000,1
42-461394080000,5
42-329402030000,3
42-461395600000,5
42-329427490000,5
42-461410150000,2
42-173380190000,1
42-227398700000,1
42-173380370000,2
42-317420340000,2
42-329430840000,1
42-329431760000,3
42-227400600000,4
42-329432380000,6
42-317422000000,3
42-317422110000,3
42-383406190000,1
42-329433270000,3
42-461411890000,3
42-461412190000,2
42-227402750000,4
42-317425920000,2
42-461393650000,2
42-383383160000,1
42-227390230000,4
42-383398320000,1
42-173375720000,1
42-329416390000,3
42-329417230000,3
42-329418870000,6
42-227392320000,4
42-461406550000,5
42-383399880000,2
42-329419630000,6
42-329418850000,3
42-173377200000,1
42-383400280000,4
42-329420340000,6
42-461407180000,5
42-329421520000,6
42-317412380000,6
42-227394650000,4
42-317412610000,5
42-317412830000,6
42-317413400000,6
42-003478350000,6
42-461409080000,5
42-317415160000,2
42-227396860000,2
42-329427010000,6
42-461402110000,3
42-461404130000,6
42-461404550000,3
42-329400000000,3
42-317399690000,4
42-317390530000,6
42-461398090000,3
42-329402610000,3
42-329408090000,3
42-317404440000,2
42-317406180000,1
42-383396800000,1
42-383397720000,2
42-461404470000,2
42-173372370000,1
42-003474920000,3
42-329414830000,6
42-329415970000,2
42-383398370000,5
42-461405790000,3
42-329416850000,3
42-329416380000,5
42-329417270000,6
42-329417060000,3
42-329418510000,6
42-383399550000,2
42-227392870000,4
42-227393550000,4
42-227393400000,4
42-227393600000,1
42-329422460000,3
42-317412390000,6
42-329423780000,3
42-329425420000,3
42-461408560000,3
42-329425160000,3
42-329426810000,2
42-227397000000,4
42-329429940000,5
42-173380360000,2
42-227399360000,4
42-227399750000,4
42-317422440000,6
42-173381510000,2
42-383407550000,1
42-461413320000,2
42-317400460000,3
42-227379060000,4
42-383383170000,1
42-461401710000,5
42-461403030000,5
42-383387620000,3
42-317397140000,6
42-329404430000,6
42-329401230000,3
42-461394910000,3
42-329404670000,5
42-329400690000,6
42-383376620000,4
42-173358320000,4
42-383382140000,4
42-317406840000,6
42-227390800000,1
42-227391810000,4
42-329419320000,3
42-383400430000,3
42-317411120000,6
42-329422960000,6
42-317412410000,3
42-461407800000,5
42-227396930000,4
42-317416360000,2
42-227396970000,1
42-173374910000,4
42-317418040000,2
42-383404250000,4
42-317418540000,3
42-329429530000,3
42-383405090000,3
42-003479930000,6
42-173381020000,5
42-329431430000,5
42-383405840000,1
42-383405980000,1
42-317422780000,6
42-329414520000,3
42-383396470000,1
42-383382290000,1
42-461394730000,5
42-461401460000,3
42-329391690000,3
42-329393030000,2
42-329401890000,6
42-329404330000,5
42-317392780000,3
42-329391940000,6
42-461401270000,3
42-317396640000,5
42-227389420000,4
42-317398510000,3
42-317404220000,6
42-461404690000,3
42-461399610000,5
42-383400370000,4
42-329390230000,3
42-383377270000,4
42-329399800000,3
42-383395820000,3
42-461388460000,5
42-461405840000,3
42-003475300000,3
42-329416810000,3
42-317408770000,6
42-227391540000,4
42-173376490000,5
42-383399310000,2
42-329419220000,3
42-329419930000,3
42-173377040000,2
42-329420650000,6
42-173378060000,4
42-227394340000,4
42-329421920000,6
42-329422900000,6
42-173378350000,2
42-461407730000,3
42-329424290000,6
42-173378660000,1
42-317415740000,3
42-461409640000,3
42-317417130000,2
42-461409720000,5
42-227397940000,4
42-227398270000,1
42-461410800000,3
42-227400080000,4
42-227400100000,4
42-317421200000,2
42-227400270000,1
42-317421510000,2
42-329431770000,3
42-329433600000,5
42-461411770000,1
42-317424040000,2
42-227386030000,4
42-173375190000,2
42-227388100000,4
42-227389620000,4
42-317404660000,2
42-329406170000,3
42-329409630000,6
42-329413890000,5
42-329410930000,6
42-317391080000,5
42-383378730000,4
42-329389290000,5
42-329390650000,5
42-383395740000,5
42-383396450000,4
42-461395000000,3
42-461402900000,3
42-461400560000,3
42-173371380000,4
42-317402670000,3
42-329400740000,3
42-173361970000,1
42-227385910000,4
42-383395010000,5
42-383396300000,4
42-461396130000,5
42-317403260000,6
42-329394840000,6
42-461402310000,5
42-329406470000,6
42-329399820000,5
42-329395890000,3
42-383395160000,3
42-329385760000,3
42-173372860000,3
42-329392950000,6
42-383381510000,1
42-383377540000,4
42-329414940000,2
42-329415160000,5
42-317406960000,4
42-329416840000,3
42-227391800000,1
42-227392310000,4
42-317411410000,6
42-329421450000,3
42-227394000000,2
42-461407510000,3
42-329421690000,3
42-329424250000,2
42-227395080000,4
42-329424610000,2
42-461408190000,3
42-329424980000,5
42-173373130000,5
42-173375160000,2
42-317405070000,3
42-329402590000,3
42-329412760000,2
42-317402160000,3
42-173372130000,2
42-317406860000,6
42-329416870000,6
42-317408530000,6
42-383399140000,3
42-227392790000,4
42-383399970000,1
42-461394450000,2
42-329387900000,5
42-227388160000,4
42-227389310000,4
42-329411130000,5
42-329407590000,6
42-317405410000,4
42-383397310000,4
42-329423990000,2
42-227396850000,4
42-317415790000,4
42-329426320000,6
42-317416740000,3
42-317417410000,3
42-383403670000,1
42-317418300000,2
42-329429840000,6
42-329430180000,3
42-329430090000,1
42-227399890000,4
42-329431220000,3
42-317421010000,4
42-173381230000,2
42-173381210000,1
42-461411900000,3
42-461411930000,3
42-227401750000,1
42-317424080000,4
42-317424000000,3
42-173381990000,4
42-461413360000,2
42-173366920000,1
42-317404580000,3
42-329405290000,3
42-329408530000,6
42-329413970000,2
42-383396420000,1
42-383385040000,2
42-329394300000,3
42-461397880000,6
42-329401400000,3
42-227394310000,4
42-317412120000,3
42-317412070000,6
42-329422890000,6
42-173378790000,1
42-461408780000,3
42-173378980000,4
42-317414650000,2
42-329425280000,3
42-317415920000,6
42-329427340000,5
42-383403800000,4
42-383403820000,3
42-317417720000,2
42-329428680000,6
42-383404280000,4
42-329429880000,3
42-227398810000,2
42-227399410000,2
42-227399590000,4
42-173380850000,1
42-317422020000,3
42-227401160000,4
42-227401340000,1
42-173381580000,2
42-329436570000,5
42-461413000000,3
42-173382430000,1
42-329417220100,3
42-329395340000,5
42-383375610000,4
42-329402390000,6
42-329392420000,6
42-383400290000,1
42-461406680000,3
42-317410800000,3
42-227393810000,4
42-173377920000,1
42-317412820000,6
42-173378650000,1
42-227395940000,4
42-383402720000,4
42-173378930000,4
42-461409050000,3
42-329423970000,3
42-329426030000,2
42-317415640000,5
42-317417240000,6
42-317417370000,3
42-461409630000,2
42-317419210000,6
42-329430670000,3
42-317421190000,2
42-227400900000,4
42-173381330000,4
42-329431370000,5
42-317396300000,3
42-329386940000,3
42-329393260000,3
42-383394480000,1
42-329402570000,3
42-227402810000,4
42-329415980100,5
42-003470440000,3
42-329400760000,6
42-329403510000,5
42-003473680000,6
42-173374720000,2
42-329414500000,6
42-461403680000,2
42-227387090000,4
42-227387290000,4
42-317405630000,2
42-383383320000,1
42-383386290000,1
42-317396500000,3
42-383382360000,2
42-383395030000,1
42-329400260000,6
42-329412170000,5
42-329404970000,2
42-329402600000,3
42-329403970000,6
42-329412500000,6
42-329395150000,6
42-317402470000,3
42-329401800000,3
42-329404630000,5
42-329408230000,3
42-329415810000,5
42-329417120000,3
42-317408910000,2
42-461406160000,5
42-173376710000,1
42-227391950000,4
42-173376570000,1
42-329419180000,5
42-329420270000,3
42-461406940000,3
42-317410810000,5
42-173368250000,1
42-317397030000,2
42-173373510000,5
42-173374440000,1
42-173363770000,4
42-329405850000,6
42-329404440000,6
42-227382130000,2
42-227388390000,2
42-317404810000,2
42-329408040000,6
42-383395090000,2
42-461403720000,2
42-383382610000,4
42-317388350000,3
42-317407780000,6
42-329416440000,3
42-227392440000,4
42-227389040000,4
42-317417380000,3
42-173380110000,4
42-227398650000,2
42-317419460000,5
42-329431540000,5
42-329431300000,3
42-317421530000,2
42-227400780000,4
42-173381290000,4
42-461411320000,3
42-383405970000,1
42-329433650000,5
42-227401740000,4
42-317426110000,3
42-329402730000,3
42-329403690000,3
42-329413580000,4
42-329412550000,3
42-329404810000,6
42-383396460000,4
42-383385150000,2
42-383397650000,4
42-329411300000,6
42-329402260000,5
42-317404240000,6
42-329406780000,5
42-329407000000,6
42-383397730000,5
42-383396810000,1
42-461404410000,3
42-173373010000,2
42-329388840000,3
42-329387970000,3
42-329391900000,6
42-383377560000,4
42-317398480000,5
42-461401550000,3
42-383386110000,1
42-329410440000,5
42-383382270000,4
42-329414800000,6
42-227389980000,4
42-383398080000,4
42-317407240000,1
42-329415730000,3
42-227391100000,4
42-173375830000,1
42-329417090000,3
42-173375990000,1
42-317408640000,4
42-329418170000,3
42-329418530000,6
42-173377000000,4
42-227392770000,4
42-173376990000,2
42-317410730000,4
42-329420060000,2
42-317410680000,6
42-329420170000,2
42-383400800000,4
42-329422380000,3
42-227395770000,2
42-383402280000,5
42-317413950000,2
42-461408740000,3
42-317415490000,2
42-329425700000,2
42-317404070000,6
42-329411470000,6
42-329414260000,3
42-461403710000,2
42-461404730000,5
42-227379800000,4
42-461396260000,2
42-317417300000,3
42-329404040000,5
42-317400520000,3
42-329402410000,6
42-329408570000,6
42-227390360000,4
42-227390390000,4
42-317407420000,2
42-317406770000,6
42-329416140000,5
42-461406530000,5
42-329419670000,6
42-329420040000,5
42-383400630000,5
42-329422070000,3
42-461408440000,3
42-329425010000,3
42-227396470000,1
42-329407900000,3
42-329413340000,2
42-329412480000,6
42-329396150000,3
42-329409170000,5
42-329427370000,6
42-317416590000,6
42-329426290000,6
42-173379490000,1
42-173379810000,1
42-329428580000,6
42-329429180000,3
42-317418550000,5
42-227398720000,1
42-173380420000,2
42-227399580000,1
42-227399830000,4
42-317420100000,2
42-329431890000,3
42-227400650000,2
42-227402790000,4
42-329390270000,3
42-461397600000,6
42-461402490000,3
42-461404600000,3
42-329404410000,3
42-329408540000,6
42-329420600000,1
42-329422660000,6
42-003477210000,6
42-003477180000,6
42-329423440000,2
42-461407950000,4
42-329424280000,6
42-329424580000,2
42-461408350000,3
42-461408220000,1
42-317414510000,2
42-317416080000,6
42-317416680000,2
42-383403790000,1
42-227398340000,4
42-329429810000,6
42-329430550000,3
42-003479960000,6
42-317422160000,1
42-461411870000,6
42-383382170000,4
42-461391800000,6
42-383378750000,4
42-329390630000,2
42-383386120000,4
42-329403490000,6
42-461392240000,6
42-227385940000,4
42-461400150000,3
42-329401220000,5
42-383382310000,1
42-173374060000,4
42-173373650000,2
42-173374760000,2
42-227387710000,4
42-173374090000,4
42-227387760000,4
42-329397460000,5
42-383396820000,1
42-461401220000,3
42-461400960000,3
42-329402550000,2
42-329399390000,3
42-173368210000,1
42-329401590000,5
42-329414170000,3
42-461404240000,3
42-461404380000,5
42-461402690000,6
42-461404490000,3
42-317404820000,6
42-461403170000,6
42-383381710000,1
42-173366070000,1
42-317400300000,3
42-383393340000,1
42-383408340000,3
42-383374890000,1
42-329389980000,5
42-461394680000,3
42-329404680000,2
42-329399620000,6
42-461402080000,3
42-003463610000,6
42-383383890000,4
42-329396540000,3
42-329391320000,6
42-461402370000,3
42-383388190000,2
42-461379890000,2
42-329399770000,3
42-317388780000,6
42-317397090000,2
42-329393630000,5
42-461393620000,3
42-329404520000,3
42-461391640000,6
42-461397010000,5
42-329415590000,5
42-317407060000,3
42-329416580000,6
42-329416620000,5
42-329418240000,3
42-461406350000,6
42-227392060000,4
42-227392680000,1
42-329419880000,6
42-003476680000,6
42-329422000000,3
42-317412350000,6
42-227395860000,4
42-461407700000,3
42-317415930000,6
42-329427360000,3
42-317418570000,3
42-173380280000,1
42-329430800000,5
42-461405200000,3
42-227390540000,4
42-329415740000,3
42-383398440000,2
42-173375590000,1
42-173376130000,3
42-329417740000,5
42-317409350000,2
42-329419280000,3
42-461406690000,3
42-461393160000,3
42-227393590000,2
42-461407130000,3
42-461406790000,6
42-329421610000,5
42-227394030000,4
42-329422540000,2
42-329422650000,6
42-227395320000,4
42-329423940000,3
42-461408600000,3
42-227396290000,4
42-173378970000,1
42-317415440000,2
42-317416160000,2
42-329426330000,6
42-317416270000,6
42-461408880000,3
42-329427480000,2
42-383403630000,1
42-317417670000,5
42-383404050000,1
42-317419350000,1
42-383404780000,2
42-227398800000,4
42-329430890000,1
42-317421540000,6
42-173381300000,2
42-461411260000,2
42-461412180000,2
42-227403260000,4
42-461409590100,5
42-317401000000,3
42-329409060000,5
42-329409830000,3
42-317404670000,6
42-329409880000,6
42-329411320000,3
42-461386600000,3
42-383396120000,4
42-329433480000,5
42-329434530000,3
42-173381910000,2
42-227403110000,4
42-383407260000,1
42-461403750000,3
42-461404460000,2
42-461404720000,3
42-329413020000,6
42-383395710000,2
42-461402200000,3
42-461403050000,5
42-461404760000,5
42-317387520000,6
42-329401100000,6
42-329391740000,3
42-383378010000,4
42-173373370000,2
42-329402540000,3
42-383398010000,2
42-461405380000,6
42-383398330000,5
42-173375630000,2
42-173375760000,1
42-329416400000,5
42-317408390000,5
42-461406130000,5
42-461406480000,3
42-383400490000,1
42-317410720000,5
42-461407170000,5
42-383400620000,2
42-461400790000,3
42-329401380000,3
42-461401400000,3
42-329422130000,6
42-317412550000,3
42-461407640000,3
42-317413700000,6
42-317414900000,2
42-329424840000,3
42-383403270000,1
42-317415800000,2
42-461409560000,3
42-173379800000,5
42-173380440000,2
42-227399070000,4
42-329430370000,6
42-329431090000,5
42-461410840000,1
42-227400230000,4
42-329432030000,6
42-003470630000,3
42-227402870000,4
42-383407080000,4
42-383407590000,4
42-003470800000,6
42-173377460200,2
42-329413080000,6
42-329409010000,5
42-329410500000,5
42-317403440000,2
42-317404720000,2
42-329413090000,6
42-383397480000,1
42-227388780000,4
42-227387200000,4
42-173373400000,2
42-173373440000,3
42-329403740000,3
42-329404490000,5
42-329410450000,5
42-329413030000,6
42-329404930000,2
42-329409870000,6
42-329412560000,3
42-227388750000,4
42-317404640000,2
42-329408160000,6
42-329408920000,2
42-329413050000,6
42-461402780000,3
42-461400810000,3
42-461394030000,6
42-317403050000,3
42-383377980000,1
42-383396160000,1
42-461403700000,2
42-317405130000,3
42-329407480000,3
42-329402270000,3
42-317400890000,6
42-461404520000,1
42-329400700000,3
42-329396830000,2
42-461397170000,5
42-383386940000,1
42-329402500000,2
42-461401370000,6
42-329415420000,3
42-227390860000,4
42-329416470000,3
42-329417190000,5
42-383399340000,3
42-227392020000,4
42-173376900000,1
42-329419600000,6
42-317410700000,3
42-461407160000,5
42-329421730000,3
42-317412360000,6
42-329423420000,3
42-227395310000,1
42-173378510000,2
42-461407940000,4
42-329424020000,2
42-461408140000,3
42-003478150000,2
42-227396640000,4
42-461408370000,6
42-317414680000,2
42-317415330000,2
42-383403300000,1
42-227396600000,1
42-227397130000,2
42-317417800000,6
42-317417910000,4
42-173380090000,5
42-383404680000,1
42-329430870000,5
42-329430820000,5
42-383405100000,1
42-227400220000,4
42-227400680000,1
42-227400560000,4
42-317422100000,2
42-329433580000,5
42-317424120000,4
42-227403200000,1
42-329412740000,5
42-461403770000,3
42-317403590000,3
42-329409210000,5
42-461402420000,3
42-329390730000,6
42-003473460000,3
42-383394640000,2
42-317397350000,3
42-383376600000,1
42-173367210000,1
42-383395080000,1
42-383383900000,4
42-317402240000,3
42-227387400000,2
42-329401130000,3
42-227387380000,4
42-317400160000,6
42-317402880000,3
42-227389970000,4
42-227390550000,1
42-329416630000,2
42-329399870000,5
42-461395880000,3
42-329406320000,3
42-329413940000,5
42-317408760000,4
42-329417160000,3
42-227393020000,1
42-383400540000,2
42-329422520000,6
42-461407630000,3
42-329425740000,2
42-227397010000,4
42-173380200000,2
42-317419260000,1
42-227399470000,4
42-329394280000,6
42-317388420000,6
42-227384740000,1
42-329408610000,2
42-329412880000,6
42-329413550000,2
42-317404750000,3
42-317405640000,2
42-329404170000,5
42-329403260000,3
42-317421810000,2
42-461411780000,1
42-461412820000,3
42-461397020000,5
42-317401330000,1
42-329406870000,3
42-317406970000,4
42-329415500000,3
42-329415580000,3
42-317406750000,3
42-173375530000,2
42-329416860000,6
42-383398860000,4
42-227391690000,4
42-329418410000,3
42-317409360000,3
42-317409580000,6
42-329419330000,3
42-383399960000,2
42-227392880000,4
42-383400410000,2
42-329420150000,5
42-317411730000,5
42-329421990000,3
42-317412100000,5
42-329421710000,3
42-003477650000,6
42-317413740000,6
42-227397250000,4
42-329427530000,2
42-329427280000,3
42-227397870000,4
42-227398210000,4
42-329429170000,6
42-227398350000,4
42-329429910000,2
42-227399170000,4
42-173380730000,2
42-317419990000,1
42-317420830000,6
42-173381090000,5
42-227400180000,4
42-173381160000,1
42-329432390000,2
42-461411820000,2
42-329433240000,2
42-173381820000,4
42-461413520000,6
42-383384450000,4
42-329403900000,3
42-461401340000,3
42-461402600000,3
42-329394170000,6
42-383385780000,5
42-329415720000,3
42-329416040000,3
42-383398570000,1
42-461405990000,3
42-383399300000,1
42-383399290000,1
42-317409820000,6
42-227392530000,4
42-329419790000,3
42-317410590000,3
42-461407100000,3
42-227394080000,4
42-329422100000,5
42-317412260000,3
42-383400930000,2
42-329421720000,5
42-329423210000,6
42-227395300000,4
42-329423860000,3
42-173378520000,2
42-227395820000,4
42-329423790000,3
42-317414410000,3
42-461408150000,5
42-227396320000,4
42-329426400000,5
42-329426520000,5
42-227397370000,1
42-317417550000,2
42-317417080000,4
42-317419070000,3
42-329429920000,2
42-173380300000,1
42-173380650000,2
42-003480140000,5
42-329431400000,2
42-329431610000,3
42-383406540000,2
42-461412250000,3
42-461413270000,2
42-227402460000,4
42-383381370000,4
42-329387770000,6
42-173367110000,5
42-461390100000,5
42-329400890000,5
42-383394800000,4
42-317395740000,6
42-329403370000,5
42-173365370000,2
42-317403240000,6
42-317401390000,3
42-227377470000,4
42-317401270000,6
42-461392990000,5
42-461391680000,3
42-461400030000,3
42-461400600000,6
42-173366990000,1
42-383387770000,4
42-317406710000,5
42-329403400000,3
42-173375340000,2
42-461405290000,3
42-461405370000,5
42-329417110000,3
42-461406100000,5
42-329417170000,3
42-461406150000,6
42-173376680000,5
42-383399500000,2
42-227392260000,1
42-329418930000,5
42-317410120000,3
42-173377240000,2
42-173377390000,2
42-317411210000,6
42-317411350000,5
42-227394070000,4
42-227394510000,4
42-227394640000,4
42-461407740000,3
42-329424630000,3
42-383402290000,4
42-227396080000,4
42-461408570000,3
42-329426060000,3
42-329424810000,3
42-317415950000,4
42-317417250000,1
42-317417660000,2
42-227398110000,4
42-329429250000,3
42-329429890000,3
42-329429950000,6
42-329429360000,6
42-317420190000,1
42-227399900000,4
42-317421480000,2
42-329431320000,3
42-329431250000,6
42-227401360000,4
42-173381680000,4
42-227386400000,4
42-461403150000,6
42-173374810000,2
42-383387270000,1
42-173374120000,5
42-173372890000,1
42-173375010000,2
42-173373140000,1
42-461393240000,3
42-227388410000,4
42-329411380000,5
42-329414650000,6
42-317393660000,3
42-329412980000,6
42-329395700000,5
42-329410740000,3
42-329413290000,3
42-329402100000,3
42-329410060000,2
42-227387910000,4
42-329407870000,3
42-329404580000,3
42-329411760000,6
42-329412770000,3
42-461403930000,6
42-329405670000,3
42-329410090000,3
42-317404690000,5
42-329390520000,2
42-173373050000,1
42-173371920000,4
42-329404340000,5
42-173367070000,2
42-227387640000,4
42-329406290000,3
42-317395770000,6
42-383398090000,1
42-227390350000,4
42-227390470000,4
42-461403550000,3
42-461390110000,5
42-227390820000,4
42-329419590000,3
42-383400480000,5
42-173378100000,5
42-383401540000,2
42-329423260000,6
42-329423020000,6
42-329423290000,3
42-227395450000,4
42-461407890000,3
42-227398030000,4
42-173380130000,4
42-329431580000,3
42-383384640000,4
42-317402690000,6
42-317406650000,6
42-329398000000,6
42-317404590000,6
42-461402440000,6
42-383388450000,1
42-461399330000,3
42-383376930000,4
42-461402040000,3
42-461403580000,3
42-383389080000,1
42-329405030000,6
42-173375140000,1
42-461387630000,3
42-317399800000,3
42-317404840000,6
42-317405500000,6
42-317405550000,6
42-329401580000,1
42-317404260000,6
42-329410690000,5
42-329411370000,5
42-317406320000,3
42-383395650000,3
42-461405050000,3
42-461402430000,3
42-227385760000,4
42-329392750000,6
42-329414910000,6
42-227390580000,4
42-173375640000,1
42-383398720000,2
42-227391400000,1
42-173376340000,4
42-329418790000,3
42-329418840000,3
42-461406600000,6
42-317410480000,2
42-317411070000,6
42-317411250000,2
42-003476670000,6
42-173377850000,1
42-461407670000,3
42-173378260000,2
42-317412840000,6
42-317412920000,2
42-461407990000,3
42-461408130000,5
42-227396330000,4
42-317415050000,2
42-383403280000,1
42-329425990000,6
42-329426530000,5
42-317415890000,6
42-461409530000,3
42-317417290000,6
42-383403700000,1
42-317417700000,2
42-329428650000,6
42-173379930000,1
42-227398510000,4
42-317419100000,2
42-317418670000,6
42-317419270000,5
42-317419510000,2
42-317420300000,6
42-461410900000,2
42-173380860000,5
42-173380550000,4
42-173381130000,4
42-461411040000,3
42-227400290000,4
42-329431870000,3
42-227401050000,4
42-317422220000,4
42-329433350000,6
42-317422790000,2
42-173381570000,1
42-227403240000,4
42-329432480000,5
42-317423930000,6
42-329412780000,2
42-461392600000,5
42-461401960000,6
42-329408300000,6
42-461388840000,3
42-329391910000,3
42-329403940000,3
42-317403660000,5
42-383397070000,5
42-461404140000,6
42-173375070000,2
42-227388810000,1
42-383391030000,4
42-317405100000,6
42-329412010000,3
42-329413680000,3
42-317404740000,2
42-329409370000,3
42-329403860000,3
42-329403270000,6
42-227387800000,2
42-329406970000,2
42-329408880000,6
42-329412520000,3
42-383395930000,1
42-383386970000,1
42-329400270000,3
42-329414920000,2
42-461405310000,3
42-003475140000,5
42-317407510000,2
42-227390570000,1
42-173376050000,4
42-329418140000,3
42-227392510000,4
42-227392920000,4
42-173377580000,2
42-329420980000,3
42-317412590000,3
42-329423380000,3
42-461407820000,5
42-383402540000,3
42-329425000000,5
42-317414180000,2
42-003458070000,6
42-317395840000,5
42-461389520000,6
42-329398040000,6
42-329427330000,3
42-329428490000,2
42-329428630000,5
42-227397830000,4
42-329429190000,2
42-227398380000,4
42-383404860000,4
42-329430360000,2
42-461410760000,6
42-329431510000,3
42-227401520000,4
42-227401530000,4
42-227401600000,4
42-003481340000,2
42-461413020000,3
42-227386480000,4
42-383383460000,4
42-329393650000,6
42-461395810000,3
42-383394040000,1
42-173368590000,1
42-383391810000,2
42-227389400000,4
42-227389410000,4
42-461403070000,3
42-461403190000,6
42-317403610000,6
42-317398250000,6
42-461400550000,3
42-383380330000,1
42-461391050000,5
42-173371000000,1
42-317389810000,6
42-173362100000,4
42-317398600000,3
42-329402450000,3
42-003470790000,6
42-383382160000,4
42-317391910000,3
42-173372220000,4
42-461397550000,3
42-173359950000,2
42-227387510000,4
42-227388710000,4
42-329404090000,2
42-329406220000,6
42-173373780000,2
42-461405460000,3
42-461404870000,5
42-461405950000,1
42-461406000000,5
42-329421010000,6
42-317412570000,6
42-329424030000,2
42-383402160000,2
42-173378640000,1
42-329425050000,2
42-329425240000,6
42-329426680000,2
42-383403810000,3
42-173380590000,4
42-329431810000,3
42-227400850000,4
42-317389680000,3
42-317406880000,1
42-317407080000,4
42-317407110000,6
42-329416070000,1
42-329416790000,3
42-383398670000,1
42-227391380000,4
42-329416970000,6
42-329417450000,5
42-173376790000,2
42-317409640000,6
42-227394290000,4
42-227395390000,2
42-329424410000,5
42-329425300000,6
42-227396550000,4
42-317415770000,2
42-317416320000,2
42-317416400000,6
42-227397230000,4
42-329427830000,3
42-383403970000,1
42-227398070000,4
42-173380770000,1
42-317420070000,1
42-227400010000,4
42-227400740000,4
42-317421990000,3
42-461411600000,2
42-227388220000,4
42-317405110000,6
42-329408890000,6
42-329414100000,6
42-317404610000,2
42-383391010000,5
42-317398450000,6
42-227391260000,4
42-173376370000,5
42-383399280000,4
42-461406670000,3
42-173377550000,1
42-329423040000,6
42-383403080000,1
42-329424800000,6
42-461410270000,2
42-317420320000,6
42-317419920000,4
42-227400630000,2
42-317421720000,2
42-329433370000,3
42-383393850000,1
42-383388730000,2
42-461395330000,3
42-329404350000,5
42-461400580000,3
42-317389280000,5
42-329396810000,6
42-461401750000,3
42-383385110000,4
42-383395050000,4
42-383384440000,2
42-227384710000,4
42-317406660000,6
42-329395740000,3
42-329409810000,6
42-329412090000,5
42-461403370000,6
42-461404170000,3
42-461404800000,1
42-317388520000,3
42-329404650000,3
42-461394520000,2
42-329410780000,6
42-329414480000,5
42-329394860000,2
42-461405100000,5
42-383397820000,1
42-329388050000,3
42-317400270000,2
42-173372140000,2
42-329404920000,3
42-383384490000,1
42-383394550000,1
42-383387530000,2
42-329406050000,3
42-329403500000,5
42-173372830000,5
42-173368420000,1
42-329408210000,6
42-227390190000,4
42-003474620000,3
42-003473220000,5
42-329406250000,5
42-383398520000,1
42-329417140000,6
42-317409030000,4
42-173376560000,1
42-317409900000,6
42-227392560000,1
42-173377470000,4
42-227392960000,4
42-461406700000,3
42-317412040000,6
42-329422580000,3
42-329422860000,6
42-329423230000,3
42-227395100000,4
42-173378380000,4
42-461408240000,1
42-383402780000,4
42-329425820000,2
42-329425840000,2
42-329424930000,3
42-461409170000,5
42-329425980000,6
42-317416210000,3
42-227397260000,4
42-227397780000,4
42-317417820000,6
42-329428570000,6
42-383404620000,5
42-227398970000,4
42-461410540000,3
42-227399240000,4
42-227399680000,4
42-227399770000,1
42-227399710000,4
42-461410740000,3
42-317401700000,6
42-329391260000,6
42-227400160000,4
42-329432660000,3
42-317421710000,3
42-227401450000,4
42-329433570000,5
42-317396650000,6
42-317398870000,3
42-383396430000,1
42-461403790000,3
42-461403820000,3
42-329403540000,5
42-383379580000,1
42-329396530000,6
42-317403640000,6
42-317404230000,6
42-329404190000,5
42-329410830000,3
42-329413350000,5
42-383394080000,2
42-173375130000,1
42-329408640000,3
42-329412300000,4
42-317405040000,6
42-383376590000,4
42-227387570000,4
42-227387970000,1
42-317405540000,2
42-461397370000,3
42-329408390000,6
42-317400840000,3
42-329403460000,6
42-461401230000,6
42-383394700000,1
42-329398240000,2
42-329390840000,3
42-003472040000,6
42-329395910000,3
42-461393660000,3
42-329390160000,6
42-227386180000,4
42-329414980000,2
42-329415840000,3
42-227390930000,4
42-461402460000,6
42-227386010000,4
42-173371830000,4
42-329401520000,3
42-329405950000,3
42-383388060000,4
42-227389140000,1
42-329411170000,3
42-461404780000,3
42-461403640000,3
42-329406760000,3
42-317407010000,4
42-227390600000,4
42-329417200000,3
42-329419420000,5
42-329419390000,5
42-317411360000,2
42-383401200000,4
42-329422930000,6
42-227394630000,4
42-227395160000,1
42-329424820000,5
42-317416130000,6
42-317417200000,3
42-461409470000,3
42-317417990000,2
42-383404190000,1
42-227398840000,4
42-173380690000,5
42-227400580000,4
42-227403290000,4
42-227404000000,4
42-383398530000,3
42-173375920000,4
42-329417390000,6
42-317408540000,2
42-329417150000,5
42-317408980000,2
42-317408450000,4
42-173376850000,5
42-329419190000,5
42-461406650000,2
42-227393040000,2
42-461406510000,3
42-461406740000,2
42-317410630000,2
42-317411310000,2
42-227394550000,1
42-383400950000,2
42-173378280000,2
42-383402930000,2
42-329426840000,2
42-317416120000,4
42-329428900000,6
42-317417780000,3
42-329428600000,6
42-329429260000,3
42-227398500000,4
42-227398790000,2
42-227398980000,1
42-173380320000,1
42-461410550000,3
42-227399690000,1
42-227399560000,4
42-329430570000,3
42-329430750000,3
42-329430860000,5
42-461410710000,3
42-461411030000,3
42-227400190000,4
42-329432250000,3
42-329433460000,5
42-461413330000,2
42-461397640000,6
42-003472930000,6
42-461393140000,6
42-383382340000,4
42-329413070000,6
42-317395790000,3
42-329406200000,6
42-329408910000,6
42-227388360000,4
42-329411780000,3
42-329398760000,6
42-383391820000,5
42-383396360000,1
42-329398050000,5
42-317402850000,2
42-329403130000,6
42-173373360000,2
42-173373450000,3
42-173374100000,1
42-329403350000,3
42-461386290000,3
42-317392380000,6
42-329401770000,3
42-461404230000,5
42-329388820000,6
42-329393750000,5
42-329402150000,3
42-317406200000,3
42-329405530000,6
42-329414300000,6
42-329409500000,6
42-329409860000,6
42-329411420000,5
42-317403850000,6
42-329411120000,6
42-329412730000,5
42-461405440000,3
42-329415710000,3
42-317407320000,6
42-227390910000,1
42-461406030000,5
42-329419440000,3
42-173377130000,2
42-329420570000,2
42-461407200000,3
42-329420610000,3
42-317411230000,3
42-317411260000,3
42-173377530000,1
42-317411590000,6
42-329421820000,5
42-329422710000,3
42-003477220000,2
42-317413620000,6
42-317413760000,4
42-227395630000,4
42-461408260000,5
42-329424420000,3
42-173378860000,4
42-329425120000,6
42-329427430000,6
42-329427790000,4
42-461397650000,3
42-383396620000,1
42-317417390000,3
42-329427910000,3
42-461409460000,3
42-329428640000,6
42-461409820000,6
42-227398290000,1
42-173379880000,1
42-227398490000,4
42-329429900000,3
42-227398830000,2
42-329430030000,3
42-227399420000,4
42-317419810000,6
42-227400060000,4
42-227401610000,4
42-461411960000,3
42-003481190000,2
42-383407040000,1
42-227403190000,4
42-173373040000,4
42-173374310000,2
42-329408960000,3
42-329414210000,6
42-383381350000,1
42-329403310000,3
42-329408970000,3
42-329413380000,6
42-329413420000,2
42-383397520000,4
42-461401980000,5
42-329385540000,6
42-329403120000,6
42-329395360000,6
42-329395410000,6
42-003472050000,6
42-383383380000,1
42-003464110000,6
42-227389960000,4
42-329414880000,6
42-329415510000,5
42-329415820000,2
42-317407590000,6
42-461407380000,3
42-227394350000,4
42-329421700000,3
42-461407840000,3
42-461408330000,3
42-317414990000,6
42-383403230000,1
42-317415810000,4
42-329426300000,3
42-317417210000,3
42-317419440000,5
42-329431590000,3
42-317420950000,2
42-317421550000,2
42-317421620000,6
42-227400660000,4
42-173381350000,2
42-173381780000,4
42-317425850000,3
42-383408320000,2
42-329406160000,3
42-329408080000,3
42-329409180000,5
42-329414640000,5
42-173362730000,4
42-383384260000,1
42-317401020000,6
42-461390590000,6
42-003458950000,6
42-317392430000,6
42-317400610000,3
42-329395420000,6
42-461396210000,6
42-317400940000,3
42-317392670000,6
42-329409410000,5
42-329414050000,6
42-461403780000,3
42-461391630000,6
42-329394380000,3
42-317399750000,3
42-461391740000,5
42-383391880000,2
42-317416930000,4
42-329427800000,3
42-317417330000,2
42-329428840000,6
42-173379900000,4
42-383404200000,2
42-317419400000,2
42-317419380000,2
42-317420220000,3
42-329430390000,3
42-461410770000,6
42-173380810000,1
42-329431270000,3
42-461411610000,1
42-329434470000,3
42-329437220000,5
42-461395020000,3
42-461396100000,3
42-461397000000,5
42-329393990000,3
42-173361710000,1
42-461398130000,1
42-227384750000,4
42-003463240000,6
42-329404500000,6
42-461400620000,3
42-329390010000,5
42-173375350000,2
42-227390410000,2
42-329414810000,6
42-317407500000,2
42-227390560000,4
42-173375730000,1
42-329416920000,6
42-329417030000,2
42-329417370000,3
42-227391470000,4
42-227393580000,4
42-317410930000,2
42-173377700000,1
42-329420210000,6
42-461387270000,3
42-383401520000,5
42-461408120000,5
42-329424490000,6
42-227396070000,1
42-227396270000,4
42-329425460000,2
42-227396770000,4
42-227396840000,4
42-227396440000,4
42-227397050000,4
42-227397210000,4
42-329427880000,3
42-329427650000,1
42-317417540000,2
42-461409490000,3
42-317417640000,2
42-317417920000,1
42-383404240000,4
42-383404290000,4
42-173380070000,5
42-383404140000,3
42-317418680000,6
42-329429340000,6
42-173381120000,4
42-317420970000,6
42-227400590000,4
42-317422080000,2
42-317422210000,2
42-317422430000,3
42-329433050000,2
42-329433330000,3
42-383405950000,1
42-461411910000,2
42-227401820000,4
42-383406560000,1
42-461411940000,3
42-383407230000,1
42-329397400000,5
42-317425840000,2
42-329399190000,5
42-329410510000,3
42-329410670000,3
42-329413040000,6
42-329414460000,3
42-329406450000,2
42-329412510000,3
42-329414150000,3
42-383397940000,1
42-317402630000,6
42-317404320000,6
42-329409850000,6
42-317403430000,3
42-383378060000,1
42-317401240000,3
42-317384470000,3
42-461401590000,3
42-461403660000,1
42-461405080000,5
42-383380510000,4
42-317398700000,5
42-227384560000,1
42-227387720000,4
42-227389150000,4
42-317401400000,3
42-329406750000,3
42-329413400000,6
42-317402750000,6
42-329408850000,2
42-173375220000,5
42-317396670000,6
42-329405630000,6
42-383380420000,1
42-329406800000,3
42-329409300000,2
42-317402830000,2
42-461401510000,3
42-317398440000,6
42-173374610000,5
42-173374630000,4
42-227388840000,4
42-461403630000,6
42-461403800000,2
42-461403880000,5
42-173375280000,3
42-227390120000,4
42-227389990000,4
42-227390310000,2
42-383398120000,5
42-317407380000,2
42-317407940000,4
42-329417590000,5
42-461406330000,3
42-227391930000,4
42-329418770000,3
42-317409280000,4
42-227392490000,4
42-317410100000,6
42-227393270000,4
42-227394100000,1
42-383401960000,1
42-317413310000,6
42-227396220000,4
42-329425670000,5
42-227396540000,1
42-329426410000,2
42-317416040000,6
42-461403690000,2
42-461404630000,3
42-173372300000,2
42-329403680000,3
42-461395010000,3
42-461387020000,3
42-461390650000,4
42-173375320000,4
42-317407210000,6
42-461405850000,5
42-329416710000,2
42-227391170000,4
42-329417070000,6
42-383399090000,1
42-173376610000,4
42-227392190000,1
42-329419780000,6
42-173377520000,1
42-329420680000,3
42-329384520000,6
42-173368430000,4
42-461401160000,3
42-227384160000,1
42-227387950000,4
42-317406240000,2
42-383397690000,5
42-383397810000,4
42-227394280000,4
42-227394530000,1
42-227394750000,4
42-317412790000,3
42-227394850000,4
42-317413340000,6
42-317413090000,6
42-003478170000,6
42-329425870000,6
42-227397040000,4
42-227397110000,1
42-317416110000,2
42-173379590000,1
42-227397820000,4
42-317417790000,2
42-461409710000,6
42-317418020000,2
42-317418650000,6
42-317419450000,3
42-317419470000,2
42-329430740000,3
42-329430660000,2
42-317421610000,6
42-317422150000,4
42-461411590000,3
42-329433620000,5
42-003481000000,3
42-317424100000,2
42-383395970000,1
42-317425860000,2
42-227404630000,4
42-317404370000,3
42-317406130000,2
42-173373750000,1
42-329415480000,3
42-173375870000,1
42-329417380000,6
42-329420010000,6
42-329420280000,5
42-227392800000,6
42-317411160000,1
42-317411850000,1
42-383401020000,4
42-173378180000,3
42-227394980000,4
42-173378170000,1
42-227395040000,4
42-461408520000,5
42-317415700000,3
42-383403460000,1
42-329413240000,6
42-329426280000,6
42-383403750000,1
42-317417430000,3
42-173379840000,1
42-003479480000,2
42-227398940000,4
42-317420330000,2
42-329432120000,3
42-383384960000,2
42-383396920000,5
42-227389200000,2
42-383390340000,3
42-227386190000,2
42-227389950000,4
42-461405340000,3
42-317407390000,6
42-329415610000,3
42-329416060000,3
42-329416300000,3
42-227391020000,4
42-173375910000,4
42-329416410000,5
42-329418190000,3
42-329418430000,5
42-383399130000,3
42-329420350000,5
42-329419960000,5
42-317411220000,2
42-173377640000,1
42-461407490000,3
42-317412050000,6
42-227394720000,1
42-383401150000,5
42-461407680000,6
42-329424260000,6
42-317413460000,1
42-383402730000,4
42-317413970000,1
42-227396210000,4
42-329423980000,3
42-173379050000,2
42-461408680000,3
42-329426040000,3
42-329426080000,6
42-317415070000,5
42-461409150000,5
42-329425720000,6
42-317416440000,6
42-329426540000,3
42-329427440000,6
42-317417010000,4
42-227397270000,4
42-173379470000,5
42-003478800000,6
42-329426780000,6
42-329427850000,3
42-317417680000,2
42-329428620000,6
42-227397890000,4
42-383404180000,2
42-227398190000,4
42-461410140000,3
42-317419300000,1
42-329429370000,6
42-383404890000,1
42-227398950000,4
42-329394140000,6
42-329408240000,5
42-329409530000,2
42-461387280000,5
42-329395930000,5
42-227399380000,4
42-227400040000,4
42-461411000000,3
42-329432010000,3
42-383405830000,4
42-317422310000,3
42-329432940000,6
42-383406530000,2
42-173381670000,2
42-317423970000,6
42-461413010000,3
42-329404130000,5
42-173374170000,1
42-329413530000,6
42-461404970000,5
42-317394950000,6
42-227389160000,4
42-227389480000,4
42-461404270000,3
42-461397690000,5
42-329409570000,2
42-329410480000,5
42-329403050000,5
42-329412720000,3
42-383396010000,3
42-461401940000,3
42-329395780000,2
42-329396930000,5
42-329408290000,6
42-329403700000,5
42-383395810000,3
42-383384200000,1
42-329400350000,3
42-317390540000,6
42-317402170000,3
42-329402370000,2
42-461393210000,1
42-317388760000,3
42-383393260000,1
42-329406060000,5
42-329402380000,2
42-227385470000,4
42-461396790000,3
42-383385440000,2
42-329403650000,3
42-317394550000,3
42-173373530000,5
42-329387370000,3
42-173360130000,1
42-329404530000,3
42-227387870000,1
42-329413690000,6
42-227388310000,4
42-329412830000,6
42-461399050000,3
42-461403430000,3
42-461386620000,3
42-227382580000,4
42-329394210000,6
42-461408200000,3
42-329425390000,3
42-383403070000,1
42-317415450000,2
42-317416630000,2
42-317416900000,4
42-383403930000,2
42-317417630000,2
42-173379620000,2
42-173379910000,4
42-227398710000,1
42-003479440000,2
42-329430040000,5
42-227399200000,4
42-227400770000,4
42-317422200000,2
42-227401430000,1
42-329433470000,5
42-461412710000,3
42-227403090000,4
42-329436870000,3
42-461386940000,6
42-173377440100,4
42-227387960000,1
42-317403250000,6
42-329430380000,3
42-329430590000,3
42-317421020000,2
42-383405720000,1
42-329432930000,6
42-227401830000,4
42-329405640000,3
42-329408150000,6
42-329414470000,3
42-329407580000,6
42-329409730000,4
42-317405290000,2
42-329392740000,6
42-383384750000,3
42-227387300000,4
42-227389820000,4
42-317403820000,6
42-329412750000,3
42-461401900000,2
42-329410710000,5
42-383396760000,3
42-383397090000,1
42-173379480000,1
42-317417510000,3
42-227399150000,1
42-227399500000,1
42-461410820000,1
42-317420010000,6
42-227400340000,4
42-329431330000,2
42-227400670000,4
42-317422070000,3
42-383405820000,1
42-461411630000,1
42-383406520000,2
42-461412070000,5
42-461412550000,2
42-227403170000,4
42-227403280000,4
42-317425870000,6
42-317404250000,6
42-317404540000,6
42-329409960000,6
42-329413620000,6
42-329403760000,3
42-329409360000,3
42-383397700000,2
42-329401820000,5
42-003473530000,6
42-173361610000,1
42-461387080000,2
42-173374480000,2
42-329406910000,2
42-329407450000,5
42-329414530000,3
42-317405990000,3
42-317406300000,6
42-329408620000,3
42-383396490000,2
42-329415200000,3
42-227390110000,4
42-317406930000,4
42-329415250000,6
42-003475130000,5
42-317407050000,6
42-317407200000,6
42-317407680000,6
42-173375890000,1
42-329416880000,6
42-329416420000,5
42-227391520000,1
42-383399110000,3
42-329419480000,6
42-461406710000,3
42-383397830000,1
42-329402310000,3
42-329412700000,3
42-329414140000,2
42-329414240000,5
42-317398360000,6
42-227388080000,4
42-329380350000,6
42-461404000000,3
42-461396770000,1
42-329421460000,2
42-227394210000,4
42-173378110000,2
42-383400970000,4
42-329423560000,6
42-461408170000,5
42-383388700000,4
42-461403100000,3
42-383393540000,1
42-317406910000,6
42-003476660000,6
42-173377810000,6
42-383401040000,4
42-317412160000,6
42-383401480000,2
42-329423200000,6
42-317413440000,3
42-383402450000,5
42-329425270000,3
42-461395170000,5
42-461403890000,3
42-461405030000,3
42-383384550000,1
42-317403180000,3
42-227397810000,4
42-329428590000,3
42-461410210000,2
42-317419130000,2
42-329429380000,6
42-227399340000,1
42-227399650000,4
42-329393970000,3
42-461392220000,5
42-461394610000,6
42-317396660000,5
42-383394540000,1
42-383383180000,4
42-329401830000,6
42-173374800000,2
42-461401580000,3
42-383393500000,1
42-383392330000,2
42-329390570000,3
42-227390530000,1
42-317407040000,6
42-383398970000,4
42-317409010000,4
42-329419020000,6
42-317410260000,6
42-383400380000,5
42-317410620000,5
42-317411240000,2
42-317411460000,6
42-227394330000,2
42-461407570000,3
42-329421000000,6
42-317413320000,6
42-461407970000,4
42-329423060000,3
42-329424210000,2
42-383387820000,3
42-317413690000,6
42-329424740000,6
42-329425380000,2
42-227396400000,4
42-317414860000,6
42-383402860000,2
42-317416100000,4
42-329405990000,6
42-317402350000,3
42-227386740000,2
42-317398950000,5
42-461393800000,5
42-461388580000,6
42-383387320000,4
42-317395780000,6
42-329406490000,4
42-383391060000,2
42-317401410000,6
42-329388470000,6
42-329406990000,3
42-317405050000,3
42-317405170000,6
42-317406170000,4
42-329401320000,5
42-317405600000,5
42-329405170000,3
42-383393550000,1
42-383397610000,2
42-173372120000,3
42-227385490000,4
42-329403170000,6
42-329402050000,3
42-317401510000,5
42-329393600000,5
42-003463630000,6
42-173368440000,1
42-461401560000,3
42-383396110000,4
42-383397680000,3
42-461405060000,3
42-227384370000,4
42-317395890000,3
42-173372960000,2
42-173374220000,2
42-461405530000,3
42-317407190000,6
42-329416670000,5
42-329416270000,6
42-317407990000,2
42-461406310000,3
42-383399100000,3
42-383399120000,3
42-173376750000,1
42-317410490000,2
42-329420290000,6
42-461407020000,2
42-173378020000,4
42-329423350000,5
42-317413640000,6
42-227396300000,4
42-329425680000,3
42-317414490000,2
42-329426430000,2
42-317416250000,6
42-461402050000,3
42-317404710000,2
42-329408560000,2
42-173372990000,2
42-173374290000,2
42-383398130000,1
42-329415410000,3
42-329415620000,2
42-329415750000,3
42-383398900000,2
42-317408700000,4
42-173376110000,1
42-461406360000,3
42-227392640000,4
42-461406660000,3
42-173377430000,2
42-317411140000,1
42-461407250000,1
42-227388510000,4
42-329404310000,5
42-317404910000,6
42-329406770000,3
42-329408070000,6
42-329421660000,3
42-329422610000,3
42-461408030000,6
42-329422840000,5
42-329423700000,3
42-329425070000,5
42-329425180000,6
42-317415180000,2
42-317416610000,3
42-329428920000,6
42-461410250000,5
42-461410360000,3
42-173380330000,1
42-227399570000,4
42-173380620000,2
42-173380790000,1
42-383405320000,1
42-227400370000,4
42-329432040000,2
42-173381450000,1
42-317421980000,3
42-383395760000,2
42-383387910000,1
42-329400280000,3
42-317405580000,3
42-329404570000,3
42-329414430000,3
42-383397190000,4
42-329427380000,6
42-227397240000,4
42-227397550000,1
42-329428470000,5
42-383404070000,1
42-329428950000,3
42-329429160000,6
42-317419220000,6
42-317418850000,6
42-227399100000,4
42-173380630000,5
42-329431600000,5
42-329431880000,5
42-461413540000,6
42-461412360000,3
42-003470410000,6
42-383383010000,1
42-329406040000,3
42-329412320000,3
42-329396370000,5
42-329390530000,5
42-461399040000,3
42-461389950000,2
42-329406640000,5
42-329391730000,6
42-329402440000,3
42-329402340000,6
42-329394020000,6
42-329390680000,2
42-317394630000,3
42-173368670000,3
42-461401080000,3
42-383382020000,4
42-173368600000,4
42-461401200000,3
42-461396240000,5
42-227389720000,4
42-317421740000,2
42-461411760000,1
42-461412860000,3
42-329411770000,5
42-317403380000,6
42-329409050000,3
42-173363290000,2
42-461391910000,3
42-173375480000,2
42-329416980000,3
42-173376700000,1
42-329419130000,3
42-173378070000,1
42-173377980000,4
42-317393750000,5
42-173371580000,4
42-461398230000,5
42-329401390000,3
42-329401840000,3
42-329400450000,5
42-329410070000,5
42-383395020000,1
42-461412870000,3
42-461401740000,5
42-329412530000,3
42-317415830000,2
42-317418530000,6
42-461408000000,5
42-227395960000,4
42-317413940000,2
42-329428660000,6
42-329429150000,3
42-317418660000,6
